StationCode,Name,Lat,Lon,WebSite,RawData,FileName
458,Aalsmeer,52.25,4.77,https://climexp.knmi.nl/getdutchrr.cgi?id=someone@somewhere&WMO=458,https://climexp.knmi.nl/data/rrrr458.dat,rrrr458.data
040,AALSUM-BIJ-DOKKUM,-999.9,-999.9,https://climexp.knmi.nl/getdutchrr.cgi?id=someone@somewhere&WMO=040,https://climexp.knmi.nl/data/rrrr040.dat,rrrr040.data
680,Aalten,51.9,6.55,https://climexp.knmi.nl/getdutchrr.cgi?id=someone@somewhere&WMO=680,https://climexp.knmi.nl/data/rrrr680.dat,rrrr680.data
711,AARDENBURG,-999.9,-999.9,https://climexp.knmi.nl/getdutchrr.cgi?id=someone@somewhere&WMO=711,https://climexp.knmi.nl/data/rrrr711.dat,rrrr711.data
572,Abcoude,52.25,4.97,https://climexp.knmi.nl/getdutchrr.cgi?id=someone@somewhere&WMO=572,https://climexp.knmi.nl/data/rrrr572.dat,rrrr572.data
045,AKKRUM,-999.9,-999.9,https://climexp.knmi.nl/getdutchrr.cgi?id=someone@somewhere&WMO=045,https://climexp.knmi.nl/data/rrrr045.dat,rrrr045.data
089,Akkrum,53.05,5.82,https://climexp.knmi.nl/getdutchrr.cgi?id=someone@somewhere&WMO=089,https://climexp.knmi.nl/data/rrrr089.dat,rrrr089.data
200,ALKMAAR,-999.9,-999.9,https://climexp.knmi.nl/getdutchrr.cgi?id=someone@somewhere&WMO=200,https://climexp.knmi.nl/data/rrrr200.dat,rrrr200.data
664,Almelo,52.33,6.67,https://climexp.knmi.nl/getdutchrr.cgi?id=someone@somewhere&WMO=664,https://climexp.knmi.nl/data/rrrr664.dat,rrrr664.data
678,Almen,52.15,6.32,https://climexp.knmi.nl/getdutchrr.cgi?id=someone@somewhere&WMO=678,https://climexp.knmi.nl/data/rrrr678.dat,rrrr678.data
363,ALTEVEER-HOOGEVEEN,-999.9,-999.9,https://climexp.knmi.nl/getdutchrr.cgi?id=someone@somewhere&WMO=363,https://climexp.knmi.nl/data/rrrr363.dat,rrrr363.data
169,AMEN,-999.9,-999.9,https://climexp.knmi.nl/getdutchrr.cgi?id=someone@somewhere&WMO=169,https://climexp.knmi.nl/data/rrrr169.dat,rrrr169.data
560,Amerongen,51.98,5.45,https://climexp.knmi.nl/getdutchrr.cgi?id=someone@somewhere&WMO=560,https://climexp.knmi.nl/data/rrrr560.dat,rrrr560.data
515,AMERSFOORT,-999.9,-999.9,https://climexp.knmi.nl/getdutchrr.cgi?id=someone@somewhere&WMO=515,https://climexp.knmi.nl/data/rrrr515.dat,rrrr515.data
529,AMERSFOORT-TUTEIN-NOLTHENIUS,-999.9,-999.9,https://climexp.knmi.nl/getdutchrr.cgi?id=someone@somewhere&WMO=529,https://climexp.knmi.nl/data/rrrr529.dat,rrrr529.data
910,Ammerzoden,51.73,5.2,https://climexp.knmi.nl/getdutchrr.cgi?id=someone@somewhere&WMO=910,https://climexp.knmi.nl/data/rrrr910.dat,rrrr910.data
441,Amsterdam,52.37,4.92,https://climexp.knmi.nl/getdutchrr.cgi?id=someone@somewhere&WMO=441,https://climexp.knmi.nl/data/rrrr441.dat,rrrr441.data
433,AMSTERDAM-ANWI-FIL,-999.9,-999.9,https://climexp.knmi.nl/getdutchrr.cgi?id=someone@somewhere&WMO=433,https://climexp.knmi.nl/data/rrrr433.dat,rrrr433.data
835,Andel,51.78,5.05,https://climexp.knmi.nl/getdutchrr.cgi?id=someone@somewhere&WMO=835,https://climexp.knmi.nl/data/rrrr835.dat,rrrr835.data
205,ANDIJK,-999.9,-999.9,https://climexp.knmi.nl/getdutchrr.cgi?id=someone@somewhere&WMO=205,https://climexp.knmi.nl/data/rrrr205.dat,rrrr205.data
171,Anjum,53.38,6.12,https://climexp.knmi.nl/getdutchrr.cgi?id=someone@somewhere&WMO=171,https://climexp.knmi.nl/data/rrrr171.dat,rrrr171.data
744,Anna Jacoba Polder,51.63,4.12,https://climexp.knmi.nl/getdutchrr.cgi?id=someone@somewhere&WMO=744,https://climexp.knmi.nl/data/rrrr744.dat,rrrr744.data
227,Anna Paulowna,52.85,4.83,https://climexp.knmi.nl/getdutchrr.cgi?id=someone@somewhere&WMO=227,https://climexp.knmi.nl/data/rrrr227.dat,rrrr227.data
296,ANSEN-BIJ-RUINEN,-999.9,-999.9,https://climexp.knmi.nl/getdutchrr.cgi?id=someone@somewhere&WMO=296,https://climexp.knmi.nl/data/rrrr296.dat,rrrr296.data
543,Apeldoorn,52.22,5.93,https://climexp.knmi.nl/getdutchrr.cgi?id=someone@somewhere&WMO=543,https://climexp.knmi.nl/data/rrrr543.dat,rrrr543.data
069,Appelscha,52.95,6.33,https://climexp.knmi.nl/getdutchrr.cgi?id=someone@somewhere&WMO=069,https://climexp.knmi.nl/data/rrrr069.dat,rrrr069.data
923,Arcen,51.47,6.18,https://climexp.knmi.nl/getdutchrr.cgi?id=someone@somewhere&WMO=923,https://climexp.knmi.nl/data/rrrr923.dat,rrrr923.data
541,Arnhem,51.98,5.92,https://climexp.knmi.nl/getdutchrr.cgi?id=someone@somewhere&WMO=541,https://climexp.knmi.nl/data/rrrr541.dat,rrrr541.data
140,Assen,53,6.58,https://climexp.knmi.nl/getdutchrr.cgi?id=someone@somewhere&WMO=140,https://climexp.knmi.nl/data/rrrr140.dat,rrrr140.data
263,Assendelft,52.47,4.72,https://climexp.knmi.nl/getdutchrr.cgi?id=someone@somewhere&WMO=263,https://climexp.knmi.nl/data/rrrr263.dat,rrrr263.data
301,AVEREEST-BALKBRUG,-999.9,-999.9,https://climexp.knmi.nl/getdutchrr.cgi?id=someone@somewhere&WMO=301,https://climexp.knmi.nl/data/rrrr301.dat,rrrr301.data
745,AXEL,-999.9,-999.9,https://climexp.knmi.nl/getdutchrr.cgi?id=someone@somewhere&WMO=745,https://climexp.knmi.nl/data/rrrr745.dat,rrrr745.data
822,BAARDWIJK,-999.9,-999.9,https://climexp.knmi.nl/getdutchrr.cgi?id=someone@somewhere&WMO=822,https://climexp.knmi.nl/data/rrrr822.dat,rrrr822.data
900,BAKEL-DE-RIPS,-999.9,-999.9,https://climexp.knmi.nl/getdutchrr.cgi?id=someone@somewhere&WMO=900,https://climexp.knmi.nl/data/rrrr900.dat,rrrr900.data
232,BAKKUM,-999.9,-999.9,https://climexp.knmi.nl/getdutchrr.cgi?id=someone@somewhere&WMO=232,https://climexp.knmi.nl/data/rrrr232.dat,rrrr232.data
294,BALINGE,-999.9,-999.9,https://climexp.knmi.nl/getdutchrr.cgi?id=someone@somewhere&WMO=294,https://climexp.knmi.nl/data/rrrr294.dat,rrrr294.data
083,BALK,-999.9,-999.9,https://climexp.knmi.nl/getdutchrr.cgi?id=someone@somewhere&WMO=083,https://climexp.knmi.nl/data/rrrr083.dat,rrrr083.data
461,Barendrecht,51.85,4.53,https://climexp.knmi.nl/getdutchrr.cgi?id=someone@somewhere&WMO=461,https://climexp.knmi.nl/data/rrrr461.dat,rrrr461.data
580,Barneveld,52.13,5.57,https://climexp.knmi.nl/getdutchrr.cgi?id=someone@somewhere&WMO=580,https://climexp.knmi.nl/data/rrrr580.dat,rrrr580.data
708,BATH,-999.9,-999.9,https://climexp.knmi.nl/getdutchrr.cgi?id=someone@somewhere&WMO=708,https://climexp.knmi.nl/data/rrrr708.dat,rrrr708.data
658,BATHMEN,-999.9,-999.9,https://climexp.knmi.nl/getdutchrr.cgi?id=someone@somewhere&WMO=658,https://climexp.knmi.nl/data/rrrr658.dat,rrrr658.data
973,Beek,50.92,5.8,https://climexp.knmi.nl/getdutchrr.cgi?id=someone@somewhere&WMO=973,https://climexp.knmi.nl/data/rrrr973.dat,rrrr973.data
573,Beekbergen,52.15,5.95,https://climexp.knmi.nl/getdutchrr.cgi?id=someone@somewhere&WMO=573,https://climexp.knmi.nl/data/rrrr573.dat,rrrr573.data
977,BEESEL,-999.9,-999.9,https://climexp.knmi.nl/getdutchrr.cgi?id=someone@somewhere&WMO=977,https://climexp.knmi.nl/data/rrrr977.dat,rrrr977.data
048,BEETSTERZWAAG,-999.9,-999.9,https://climexp.knmi.nl/getdutchrr.cgi?id=someone@somewhere&WMO=048,https://climexp.knmi.nl/data/rrrr048.dat,rrrr048.data
659,BELTRUM,-999.9,-999.9,https://climexp.knmi.nl/getdutchrr.cgi?id=someone@somewhere&WMO=659,https://climexp.knmi.nl/data/rrrr659.dat,rrrr659.data
241,BEMMELENHOEVE-VAN-PROF.,-999.9,-999.9,https://climexp.knmi.nl/getdutchrr.cgi?id=someone@somewhere&WMO=241,https://climexp.knmi.nl/data/rrrr241.dat,rrrr241.data
460,BENNEBROEK,-999.9,-999.9,https://climexp.knmi.nl/getdutchrr.cgi?id=someone@somewhere&WMO=460,https://climexp.knmi.nl/data/rrrr460.dat,rrrr460.data
561,Benschop,52,4.93,https://climexp.knmi.nl/getdutchrr.cgi?id=someone@somewhere&WMO=561,https://climexp.knmi.nl/data/rrrr561.dat,rrrr561.data
887,BERGEIJK,-999.9,-999.9,https://climexp.knmi.nl/getdutchrr.cgi?id=someone@somewhere&WMO=887,https://climexp.knmi.nl/data/rrrr887.dat,rrrr887.data
889,BERGEN,-999.9,-999.9,https://climexp.knmi.nl/getdutchrr.cgi?id=someone@somewhere&WMO=889,https://climexp.knmi.nl/data/rrrr889.dat,rrrr889.data
234,Bergen (Nh),52.67,4.68,https://climexp.knmi.nl/getdutchrr.cgi?id=someone@somewhere&WMO=234,https://climexp.knmi.nl/data/rrrr234.dat,rrrr234.data
832,Bergen op Zoom,51.5,4.25,https://climexp.knmi.nl/getdutchrr.cgi?id=someone@somewhere&WMO=832,https://climexp.knmi.nl/data/rrrr832.dat,rrrr832.data
453,Bergschenhoek,51.97,4.48,https://climexp.knmi.nl/getdutchrr.cgi?id=someone@somewhere&WMO=453,https://climexp.knmi.nl/data/rrrr453.dat,rrrr453.data
087,Bergumerdam,53.17,6,https://climexp.knmi.nl/getdutchrr.cgi?id=someone@somewhere&WMO=087,https://climexp.knmi.nl/data/rrrr087.dat,rrrr087.data
210,BEVERWIJK,-999.9,-999.9,https://climexp.knmi.nl/getdutchrr.cgi?id=someone@somewhere&WMO=210,https://climexp.knmi.nl/data/rrrr210.dat,rrrr210.data
366,Biddinghuizen,52.45,5.68,https://climexp.knmi.nl/getdutchrr.cgi?id=someone@somewhere&WMO=366,https://climexp.knmi.nl/data/rrrr366.dat,rrrr366.data
170,BIERUM,-999.9,-999.9,https://climexp.knmi.nl/getdutchrr.cgi?id=someone@somewhere&WMO=170,https://climexp.knmi.nl/data/rrrr170.dat,rrrr170.data
738,Biervliet,51.32,3.68,https://climexp.knmi.nl/getdutchrr.cgi?id=someone@somewhere&WMO=738,https://climexp.knmi.nl/data/rrrr738.dat,rrrr738.data
321,BIJSSELSE-BEEK,-999.9,-999.9,https://climexp.knmi.nl/getdutchrr.cgi?id=someone@somewhere&WMO=321,https://climexp.knmi.nl/data/rrrr321.dat,rrrr321.data
891,BLADEL,-999.9,-999.9,https://climexp.knmi.nl/getdutchrr.cgi?id=someone@somewhere&WMO=891,https://climexp.knmi.nl/data/rrrr891.dat,rrrr891.data
895,BLERICK,-999.9,-999.9,https://climexp.knmi.nl/getdutchrr.cgi?id=someone@somewhere&WMO=895,https://climexp.knmi.nl/data/rrrr895.dat,rrrr895.data
173,BLIJHAM,-999.9,-999.9,https://climexp.knmi.nl/getdutchrr.cgi?id=someone@somewhere&WMO=173,https://climexp.knmi.nl/data/rrrr173.dat,rrrr173.data
353,Blokzijl,52.72,5.95,https://climexp.knmi.nl/getdutchrr.cgi?id=someone@somewhere&WMO=353,https://climexp.knmi.nl/data/rrrr353.dat,rrrr353.data
417,BODEGRAVEN,-999.9,-999.9,https://climexp.knmi.nl/getdutchrr.cgi?id=someone@somewhere&WMO=417,https://climexp.knmi.nl/data/rrrr417.dat,rrrr417.data
055,BOORNBERGUM-FR,-999.9,-999.9,https://climexp.knmi.nl/getdutchrr.cgi?id=someone@somewhere&WMO=055,https://climexp.knmi.nl/data/rrrr055.dat,rrrr055.data
669,Borculo,52.08,6.52,https://climexp.knmi.nl/getdutchrr.cgi?id=someone@somewhere&WMO=669,https://climexp.knmi.nl/data/rrrr669.dat,rrrr669.data
138,BORGER,-999.9,-999.9,https://climexp.knmi.nl/getdutchrr.cgi?id=someone@somewhere&WMO=138,https://climexp.knmi.nl/data/rrrr138.dat,rrrr138.data
648,BORNE,-999.9,-999.9,https://climexp.knmi.nl/getdutchrr.cgi?id=someone@somewhere&WMO=648,https://climexp.knmi.nl/data/rrrr648.dat,rrrr648.data
726,BORSSELE,-999.9,-999.9,https://climexp.knmi.nl/getdutchrr.cgi?id=someone@somewhere&WMO=726,https://climexp.knmi.nl/data/rrrr726.dat,rrrr726.data
442,Boskoop,52.07,4.68,https://climexp.knmi.nl/getdutchrr.cgi?id=someone@somewhere&WMO=442,https://climexp.knmi.nl/data/rrrr442.dat,rrrr442.data
199,BOVENKARSPEL,-999.9,-999.9,https://climexp.knmi.nl/getdutchrr.cgi?id=someone@somewhere&WMO=199,https://climexp.knmi.nl/data/rrrr199.dat,rrrr199.data
907,Boxtel,51.57,5.33,https://climexp.knmi.nl/getdutchrr.cgi?id=someone@somewhere&WMO=907,https://climexp.knmi.nl/data/rrrr907.dat,rrrr907.data
916,BOXTEL,-999.9,-999.9,https://climexp.knmi.nl/getdutchrr.cgi?id=someone@somewhere&WMO=916,https://climexp.knmi.nl/data/rrrr916.dat,rrrr916.data
810,BREDA-II-E18,-999.9,-999.9,https://climexp.knmi.nl/getdutchrr.cgi?id=someone@somewhere&WMO=810,https://climexp.knmi.nl/data/rrrr810.dat,rrrr810.data
811,BREDA-III-E18,-999.9,-999.9,https://climexp.knmi.nl/getdutchrr.cgi?id=someone@somewhere&WMO=811,https://climexp.knmi.nl/data/rrrr811.dat,rrrr811.data
008,BREEZAND,-999.9,-999.9,https://climexp.knmi.nl/getdutchrr.cgi?id=someone@somewhere&WMO=008,https://climexp.knmi.nl/data/rrrr008.dat,rrrr008.data
705,Breskens,51.38,3.53,https://climexp.knmi.nl/getdutchrr.cgi?id=someone@somewhere&WMO=705,https://climexp.knmi.nl/data/rrrr705.dat,rrrr705.data
712,BRESKENS-OUD,-999.9,-999.9,https://climexp.knmi.nl/getdutchrr.cgi?id=someone@somewhere&WMO=712,https://climexp.knmi.nl/data/rrrr712.dat,rrrr712.data
464,Brielle,51.9,4.15,https://climexp.knmi.nl/getdutchrr.cgi?id=someone@somewhere&WMO=464,https://climexp.knmi.nl/data/rrrr464.dat,rrrr464.data
208,BROEK-OP-LANGEDIJK,-999.9,-999.9,https://climexp.knmi.nl/getdutchrr.cgi?id=someone@somewhere&WMO=208,https://climexp.knmi.nl/data/rrrr208.dat,rrrr208.data
736,Brouwershaven,51.73,3.88,https://climexp.knmi.nl/getdutchrr.cgi?id=someone@somewhere&WMO=736,https://climexp.knmi.nl/data/rrrr736.dat,rrrr736.data
725,BRUINISSE,-999.9,-999.9,https://climexp.knmi.nl/getdutchrr.cgi?id=someone@somewhere&WMO=725,https://climexp.knmi.nl/data/rrrr725.dat,rrrr725.data
974,Buchten,51.03,5.8,https://climexp.knmi.nl/getdutchrr.cgi?id=someone@somewhere&WMO=974,https://climexp.knmi.nl/data/rrrr974.dat,rrrr974.data
978,BUDEL,-999.9,-999.9,https://climexp.knmi.nl/getdutchrr.cgi?id=someone@somewhere&WMO=978,https://climexp.knmi.nl/data/rrrr978.dat,rrrr978.data
129,BUINERVEEN,-999.9,-999.9,https://climexp.knmi.nl/getdutchrr.cgi?id=someone@somewhere&WMO=129,https://climexp.knmi.nl/data/rrrr129.dat,rrrr129.data
521,BUREN-BETUWE,-999.9,-999.9,https://climexp.knmi.nl/getdutchrr.cgi?id=someone@somewhere&WMO=521,https://climexp.knmi.nl/data/rrrr521.dat,rrrr521.data
556,BUSSUM,-999.9,-999.9,https://climexp.knmi.nl/getdutchrr.cgi?id=someone@somewhere&WMO=556,https://climexp.knmi.nl/data/rrrr556.dat,rrrr556.data
730,CADZAND,-999.9,-999.9,https://climexp.knmi.nl/getdutchrr.cgi?id=someone@somewhere&WMO=730,https://climexp.knmi.nl/data/rrrr730.dat,rrrr730.data
763,Cadzand,51.37,3.4,https://climexp.knmi.nl/getdutchrr.cgi?id=someone@somewhere&WMO=763,https://climexp.knmi.nl/data/rrrr763.dat,rrrr763.data
021,Callantsoog,52.85,4.7,https://climexp.knmi.nl/getdutchrr.cgi?id=someone@somewhere&WMO=021,https://climexp.knmi.nl/data/rrrr021.dat,rrrr021.data
844,Capelle (Nb),51.67,4.98,https://climexp.knmi.nl/getdutchrr.cgi?id=someone@somewhere&WMO=844,https://climexp.knmi.nl/data/rrrr844.dat,rrrr844.data
235,Castricum,52.53,4.65,https://climexp.knmi.nl/getdutchrr.cgi?id=someone@somewhere&WMO=235,https://climexp.knmi.nl/data/rrrr235.dat,rrrr235.data
834,Chaam,51.5,4.87,https://climexp.knmi.nl/getdutchrr.cgi?id=someone@somewhere&WMO=834,https://climexp.knmi.nl/data/rrrr834.dat,rrrr834.data
297,COEVORDEN,-999.9,-999.9,https://climexp.knmi.nl/getdutchrr.cgi?id=someone@somewhere&WMO=297,https://climexp.knmi.nl/data/rrrr297.dat,rrrr297.data
685,CORLE,-999.9,-999.9,https://climexp.knmi.nl/getdutchrr.cgi?id=someone@somewhere&WMO=685,https://climexp.knmi.nl/data/rrrr685.dat,rrrr685.data
959,CRAUBEEK,-999.9,-999.9,https://climexp.knmi.nl/getdutchrr.cgi?id=someone@somewhere&WMO=959,https://climexp.knmi.nl/data/rrrr959.dat,rrrr959.data
549,Culemborg,51.92,5.22,https://climexp.knmi.nl/getdutchrr.cgi?id=someone@somewhere&WMO=549,https://climexp.knmi.nl/data/rrrr549.dat,rrrr549.data
299,DALMSHOLTE,-999.9,-999.9,https://climexp.knmi.nl/getdutchrr.cgi?id=someone@somewhere&WMO=299,https://climexp.knmi.nl/data/rrrr299.dat,rrrr299.data
468,DE-BEER,-999.9,-999.9,https://climexp.knmi.nl/getdutchrr.cgi?id=someone@somewhere&WMO=468,https://climexp.knmi.nl/data/rrrr468.dat,rrrr468.data
550,De Bilt,52.1,5.17,https://climexp.knmi.nl/getdutchrr.cgi?id=someone@somewhere&WMO=550,https://climexp.knmi.nl/data/rrrr550.dat,rrrr550.data
019,De Cocksdorp,53.15,4.87,https://climexp.knmi.nl/getdutchrr.cgi?id=someone@somewhere&WMO=019,https://climexp.knmi.nl/data/rrrr019.dat,rrrr019.data
354,Dedemsvaart,52.58,6.43,https://climexp.knmi.nl/getdutchrr.cgi?id=someone@somewhere&WMO=354,https://climexp.knmi.nl/data/rrrr354.dat,rrrr354.data
591,Deelen,52.05,5.88,https://climexp.knmi.nl/getdutchrr.cgi?id=someone@somewhere&WMO=591,https://climexp.knmi.nl/data/rrrr591.dat,rrrr591.data
238,De Haukes,52.87,4.93,https://climexp.knmi.nl/getdutchrr.cgi?id=someone@somewhere&WMO=238,https://climexp.knmi.nl/data/rrrr238.dat,rrrr238.data
600,DEIL,-999.9,-999.9,https://climexp.knmi.nl/getdutchrr.cgi?id=someone@somewhere&WMO=600,https://climexp.knmi.nl/data/rrrr600.dat,rrrr600.data
022,De Koog,53.08,4.77,https://climexp.knmi.nl/getdutchrr.cgi?id=someone@somewhere&WMO=022,https://climexp.knmi.nl/data/rrrr022.dat,rrrr022.data
025,De Kooy,52.9,4.78,https://climexp.knmi.nl/getdutchrr.cgi?id=someone@somewhere&WMO=025,https://climexp.knmi.nl/data/rrrr025.dat,rrrr025.data
449,Delft,52,4.37,https://climexp.knmi.nl/getdutchrr.cgi?id=someone@somewhere&WMO=449,https://climexp.knmi.nl/data/rrrr449.dat,rrrr449.data
141,Delfzijl,53.32,6.93,https://climexp.knmi.nl/getdutchrr.cgi?id=someone@somewhere&WMO=141,https://climexp.knmi.nl/data/rrrr141.dat,rrrr141.data
286,DELLE,-999.9,-999.9,https://climexp.knmi.nl/getdutchrr.cgi?id=someone@somewhere&WMO=286,https://climexp.knmi.nl/data/rrrr286.dat,rrrr286.data
447,Den Bommel,51.72,4.28,https://climexp.knmi.nl/getdutchrr.cgi?id=someone@somewhere&WMO=447,https://climexp.knmi.nl/data/rrrr447.dat,rrrr447.data
017,Den Burg,53.05,4.8,https://climexp.knmi.nl/getdutchrr.cgi?id=someone@somewhere&WMO=017,https://climexp.knmi.nl/data/rrrr017.dat,rrrr017.data
331,Denekamp,52.37,7.03,https://climexp.knmi.nl/getdutchrr.cgi?id=someone@somewhere&WMO=331,https://climexp.knmi.nl/data/rrrr331.dat,rrrr331.data
418,DEN-HAAG,-999.9,-999.9,https://climexp.knmi.nl/getdutchrr.cgi?id=someone@somewhere&WMO=418,https://climexp.knmi.nl/data/rrrr418.dat,rrrr418.data
009,DEN-HELDER,-999.9,-999.9,https://climexp.knmi.nl/getdutchrr.cgi?id=someone@somewhere&WMO=009,https://climexp.knmi.nl/data/rrrr009.dat,rrrr009.data
303,DEN-HULST-OV,-999.9,-999.9,https://climexp.knmi.nl/getdutchrr.cgi?id=someone@somewhere&WMO=303,https://climexp.knmi.nl/data/rrrr303.dat,rrrr303.data
239,Den Oever,52.92,5.02,https://climexp.knmi.nl/getdutchrr.cgi?id=someone@somewhere&WMO=239,https://climexp.knmi.nl/data/rrrr239.dat,rrrr239.data
760,s Heerenhoek,51.47,3.77,https://climexp.knmi.nl/getdutchrr.cgi?id=someone@somewhere&WMO=760,https://climexp.knmi.nl/data/rrrr760.dat,rrrr760.data
526,DE-STEEG,-999.9,-999.9,https://climexp.knmi.nl/getdutchrr.cgi?id=someone@somewhere&WMO=526,https://climexp.knmi.nl/data/rrrr526.dat,rrrr526.data
908,Deurne,51.45,5.77,https://climexp.knmi.nl/getdutchrr.cgi?id=someone@somewhere&WMO=908,https://climexp.knmi.nl/data/rrrr908.dat,rrrr908.data
677,DEVENTER,-999.9,-999.9,https://climexp.knmi.nl/getdutchrr.cgi?id=someone@somewhere&WMO=677,https://climexp.knmi.nl/data/rrrr677.dat,rrrr677.data
689,Deventer,52.25,6.22,https://climexp.knmi.nl/getdutchrr.cgi?id=someone@somewhere&WMO=689,https://climexp.knmi.nl/data/rrrr689.dat,rrrr689.data
289,DE-WIJK-DR,-999.9,-999.9,https://climexp.knmi.nl/getdutchrr.cgi?id=someone@somewhere&WMO=289,https://climexp.knmi.nl/data/rrrr289.dat,rrrr289.data
911,Dinther,51.63,5.48,https://climexp.knmi.nl/getdutchrr.cgi?id=someone@somewhere&WMO=911,https://climexp.knmi.nl/data/rrrr911.dat,rrrr911.data
462,Dirksland,51.73,4.08,https://climexp.knmi.nl/getdutchrr.cgi?id=someone@somewhere&WMO=462,https://climexp.knmi.nl/data/rrrr462.dat,rrrr462.data
667,Doetinchem,51.98,6.28,https://climexp.knmi.nl/getdutchrr.cgi?id=someone@somewhere&WMO=667,https://climexp.knmi.nl/data/rrrr667.dat,rrrr667.data
067,Dokkum,53.32,5.97,https://climexp.knmi.nl/getdutchrr.cgi?id=someone@somewhere&WMO=067,https://climexp.knmi.nl/data/rrrr067.dat,rrrr067.data
056,DOKKUMER-NIEUWE-ZIJLEN,-999.9,-999.9,https://climexp.knmi.nl/getdutchrr.cgi?id=someone@somewhere&WMO=056,https://climexp.knmi.nl/data/rrrr056.dat,rrrr056.data
716,DOMBURG,-999.9,-999.9,https://climexp.knmi.nl/getdutchrr.cgi?id=someone@somewhere&WMO=716,https://climexp.knmi.nl/data/rrrr716.dat,rrrr716.data
509,Doorn,52.05,5.32,https://climexp.knmi.nl/getdutchrr.cgi?id=someone@somewhere&WMO=509,https://climexp.knmi.nl/data/rrrr509.dat,rrrr509.data
527,DOORN-KASTEEL,-999.9,-999.9,https://climexp.knmi.nl/getdutchrr.cgi?id=someone@somewhere&WMO=527,https://climexp.knmi.nl/data/rrrr527.dat,rrrr527.data
459,DORDRECHT,-999.9,-999.9,https://climexp.knmi.nl/getdutchrr.cgi?id=someone@somewhere&WMO=459,https://climexp.knmi.nl/data/rrrr459.dat,rrrr459.data
073,Drachten,53.1,6.1,https://climexp.knmi.nl/getdutchrr.cgi?id=someone@somewhere&WMO=073,https://climexp.knmi.nl/data/rrrr073.dat,rrrr073.data
721,DREISCHOR,-999.9,-999.9,https://climexp.knmi.nl/getdutchrr.cgi?id=someone@somewhere&WMO=721,https://climexp.knmi.nl/data/rrrr721.dat,rrrr721.data
566,DRIEBERGEN,-999.9,-999.9,https://climexp.knmi.nl/getdutchrr.cgi?id=someone@somewhere&WMO=566,https://climexp.knmi.nl/data/rrrr566.dat,rrrr566.data
051,DROGEHAM,-999.9,-999.9,https://climexp.knmi.nl/getdutchrr.cgi?id=someone@somewhere&WMO=051,https://climexp.knmi.nl/data/rrrr051.dat,rrrr051.data
364,Dronten,52.53,5.85,https://climexp.knmi.nl/getdutchrr.cgi?id=someone@somewhere&WMO=364,https://climexp.knmi.nl/data/rrrr364.dat,rrrr364.data
423,DUINDAG-BIJ-DEN-HAAG,-999.9,-999.9,https://climexp.knmi.nl/getdutchrr.cgi?id=someone@somewhere&WMO=423,https://climexp.knmi.nl/data/rrrr423.dat,rrrr423.data
588,Duiven,51.95,6.02,https://climexp.knmi.nl/getdutchrr.cgi?id=someone@somewhere&WMO=588,https://climexp.knmi.nl/data/rrrr588.dat,rrrr588.data
327,Dwingelo,52.82,6.4,https://climexp.knmi.nl/getdutchrr.cgi?id=someone@somewhere&WMO=327,https://climexp.knmi.nl/data/rrrr327.dat,rrrr327.data
979,Echt,51.08,5.9,https://climexp.knmi.nl/getdutchrr.cgi?id=someone@somewhere&WMO=979,https://climexp.knmi.nl/data/rrrr979.dat,rrrr979.data
224,Edam,52.5,5.03,https://climexp.knmi.nl/getdutchrr.cgi?id=someone@somewhere&WMO=224,https://climexp.knmi.nl/data/rrrr224.dat,rrrr224.data
161,Eelde,53.12,6.57,https://climexp.knmi.nl/getdutchrr.cgi?id=someone@somewhere&WMO=161,https://climexp.knmi.nl/data/rrrr161.dat,rrrr161.data
596,Eemnes,52.27,5.27,https://climexp.knmi.nl/getdutchrr.cgi?id=someone@somewhere&WMO=596,https://climexp.knmi.nl/data/rrrr596.dat,rrrr596.data
154,Eenrum,53.35,6.45,https://climexp.knmi.nl/getdutchrr.cgi?id=someone@somewhere&WMO=154,https://climexp.knmi.nl/data/rrrr154.dat,rrrr154.data
557,Eerbeek,52.1,6.07,https://climexp.knmi.nl/getdutchrr.cgi?id=someone@somewhere&WMO=557,https://climexp.knmi.nl/data/rrrr557.dat,rrrr557.data
090,Eernewoude,53.12,5.93,https://climexp.knmi.nl/getdutchrr.cgi?id=someone@somewhere&WMO=090,https://climexp.knmi.nl/data/rrrr090.dat,rrrr090.data
915,Eersel,51.33,5.25,https://climexp.knmi.nl/getdutchrr.cgi?id=someone@somewhere&WMO=915,https://climexp.knmi.nl/data/rrrr915.dat,rrrr915.data
812,EETHEN,-999.9,-999.9,https://climexp.knmi.nl/getdutchrr.cgi?id=someone@somewhere&WMO=812,https://climexp.knmi.nl/data/rrrr812.dat,rrrr812.data
155,Eext,53,6.72,https://climexp.knmi.nl/getdutchrr.cgi?id=someone@somewhere&WMO=155,https://climexp.knmi.nl/data/rrrr155.dat,rrrr155.data
219,EGMOND-AAN-ZEE,-999.9,-999.9,https://climexp.knmi.nl/getdutchrr.cgi?id=someone@somewhere&WMO=219,https://climexp.knmi.nl/data/rrrr219.dat,rrrr219.data
952,EIJSDEN,-999.9,-999.9,https://climexp.knmi.nl/getdutchrr.cgi?id=someone@somewhere&WMO=952,https://climexp.knmi.nl/data/rrrr952.dat,rrrr952.data
950,EIJSDEN-BREUST,-999.9,-999.9,https://climexp.knmi.nl/getdutchrr.cgi?id=someone@somewhere&WMO=950,https://climexp.knmi.nl/data/rrrr950.dat,rrrr950.data
902,EINDHOVEN,-999.9,-999.9,https://climexp.knmi.nl/getdutchrr.cgi?id=someone@somewhere&WMO=902,https://climexp.knmi.nl/data/rrrr902.dat,rrrr902.data
919,Eindhoven (Vb),51.43,5.4,https://climexp.knmi.nl/getdutchrr.cgi?id=someone@somewhere&WMO=919,https://climexp.knmi.nl/data/rrrr919.dat,rrrr919.data
350,Elburg,52.43,5.82,https://climexp.knmi.nl/getdutchrr.cgi?id=someone@somewhere&WMO=350,https://climexp.knmi.nl/data/rrrr350.dat,rrrr350.data
729,ELLEWOUTSDIJK,-999.9,-999.9,https://climexp.knmi.nl/getdutchrr.cgi?id=someone@somewhere&WMO=729,https://climexp.knmi.nl/data/rrrr729.dat,rrrr729.data
570,Elspeet,52.28,5.78,https://climexp.knmi.nl/getdutchrr.cgi?id=someone@somewhere&WMO=570,https://climexp.knmi.nl/data/rrrr570.dat,rrrr570.data
530,ELST-UTRECHT,-999.9,-999.9,https://climexp.knmi.nl/getdutchrr.cgi?id=someone@somewhere&WMO=530,https://climexp.knmi.nl/data/rrrr530.dat,rrrr530.data
348,Emmeloord,52.7,5.77,https://climexp.knmi.nl/getdutchrr.cgi?id=someone@somewhere&WMO=348,https://climexp.knmi.nl/data/rrrr348.dat,rrrr348.data
333,Emmen,52.78,6.88,https://climexp.knmi.nl/getdutchrr.cgi?id=someone@somewhere&WMO=333,https://climexp.knmi.nl/data/rrrr333.dat,rrrr333.data
049,ENGELUM,-999.9,-999.9,https://climexp.knmi.nl/getdutchrr.cgi?id=someone@somewhere&WMO=049,https://climexp.knmi.nl/data/rrrr049.dat,rrrr049.data
054,ENGWIERUM,-999.9,-999.9,https://climexp.knmi.nl/getdutchrr.cgi?id=someone@somewhere&WMO=054,https://climexp.knmi.nl/data/rrrr054.dat,rrrr054.data
221,Enkhuizen,52.7,5.28,https://climexp.knmi.nl/getdutchrr.cgi?id=someone@somewhere&WMO=221,https://climexp.knmi.nl/data/rrrr221.dat,rrrr221.data
665,Enschede,52.2,6.9,https://climexp.knmi.nl/getdutchrr.cgi?id=someone@somewhere&WMO=665,https://climexp.knmi.nl/data/rrrr665.dat,rrrr665.data
655,ENTER,-999.9,-999.9,https://climexp.knmi.nl/getdutchrr.cgi?id=someone@somewhere&WMO=655,https://climexp.knmi.nl/data/rrrr655.dat,rrrr655.data
514,Epe,52.33,5.98,https://climexp.knmi.nl/getdutchrr.cgi?id=someone@somewhere&WMO=514,https://climexp.knmi.nl/data/rrrr514.dat,rrrr514.data
980,Epen (Nieuw) (L),50.75,5.9,https://climexp.knmi.nl/getdutchrr.cgi?id=someone@somewhere&WMO=980,https://climexp.knmi.nl/data/rrrr980.dat,rrrr980.data
975,EPEN-OUD-L,-999.9,-999.9,https://climexp.knmi.nl/getdutchrr.cgi?id=someone@somewhere&WMO=975,https://climexp.knmi.nl/data/rrrr975.dat,rrrr975.data
512,EPE-WELNA,-999.9,-999.9,https://climexp.knmi.nl/getdutchrr.cgi?id=someone@somewhere&WMO=512,https://climexp.knmi.nl/data/rrrr512.dat,rrrr512.data
581,ERMELO,-999.9,-999.9,https://climexp.knmi.nl/getdutchrr.cgi?id=someone@somewhere&WMO=581,https://climexp.knmi.nl/data/rrrr581.dat,rrrr581.data
831,Esbeek,51.43,5.13,https://climexp.knmi.nl/getdutchrr.cgi?id=someone@somewhere&WMO=831,https://climexp.knmi.nl/data/rrrr831.dat,rrrr831.data
322,ESPEL,-999.9,-999.9,https://climexp.knmi.nl/getdutchrr.cgi?id=someone@somewhere&WMO=322,https://climexp.knmi.nl/data/rrrr322.dat,rrrr322.data
136,Ezinge,53.28,6.43,https://climexp.knmi.nl/getdutchrr.cgi?id=someone@somewhere&WMO=136,https://climexp.knmi.nl/data/rrrr136.dat,rrrr136.data
084,Ezumazijl,53.35,6.13,https://climexp.knmi.nl/getdutchrr.cgi?id=someone@somewhere&WMO=084,https://climexp.knmi.nl/data/rrrr084.dat,rrrr084.data
143,Finsterwolde,53.2,7.1,https://climexp.knmi.nl/getdutchrr.cgi?id=someone@somewhere&WMO=143,https://climexp.knmi.nl/data/rrrr143.dat,rrrr143.data
026,Formerum,53.38,5.3,https://climexp.knmi.nl/getdutchrr.cgi?id=someone@somewhere&WMO=026,https://climexp.knmi.nl/data/rrrr026.dat,rrrr026.data
072,FRANEKER,-999.9,-999.9,https://climexp.knmi.nl/getdutchrr.cgi?id=someone@somewhere&WMO=072,https://climexp.knmi.nl/data/rrrr072.dat,rrrr072.data
326,Frederiksoord,52.83,6.18,https://climexp.knmi.nl/getdutchrr.cgi?id=someone@somewhere&WMO=326,https://climexp.knmi.nl/data/rrrr326.dat,rrrr326.data
823,GEERTRUIDENBERG,-999.9,-999.9,https://climexp.knmi.nl/getdutchrr.cgi?id=someone@somewhere&WMO=823,https://climexp.knmi.nl/data/rrrr823.dat,rrrr823.data
584,Geldermalsen,51.87,5.27,https://climexp.knmi.nl/getdutchrr.cgi?id=someone@somewhere&WMO=584,https://climexp.knmi.nl/data/rrrr584.dat,rrrr584.data
899,Gemert,51.53,5.67,https://climexp.knmi.nl/getdutchrr.cgi?id=someone@somewhere&WMO=899,https://climexp.knmi.nl/data/rrrr899.dat,rrrr899.data
673,Gendringen,51.85,6.35,https://climexp.knmi.nl/getdutchrr.cgi?id=someone@somewhere&WMO=673,https://climexp.knmi.nl/data/rrrr673.dat,rrrr673.data
877,GENNEP,-999.9,-999.9,https://climexp.knmi.nl/getdutchrr.cgi?id=someone@somewhere&WMO=877,https://climexp.knmi.nl/data/rrrr877.dat,rrrr877.data
892,Giersbergen,51.65,5.15,https://climexp.knmi.nl/getdutchrr.cgi?id=someone@somewhere&WMO=892,https://climexp.knmi.nl/data/rrrr892.dat,rrrr892.data
137,GIETEN,-999.9,-999.9,https://climexp.knmi.nl/getdutchrr.cgi?id=someone@somewhere&WMO=137,https://climexp.knmi.nl/data/rrrr137.dat,rrrr137.data
152,Gieterveen,53.02,6.83,https://climexp.knmi.nl/getdutchrr.cgi?id=someone@somewhere&WMO=152,https://climexp.knmi.nl/data/rrrr152.dat,rrrr152.data
338,Giethoorn,52.72,6.05,https://climexp.knmi.nl/getdutchrr.cgi?id=someone@somewhere&WMO=338,https://climexp.knmi.nl/data/rrrr338.dat,rrrr338.data
843,Gilze-Rijen,51.57,4.92,https://climexp.knmi.nl/getdutchrr.cgi?id=someone@somewhere&WMO=843,https://climexp.knmi.nl/data/rrrr843.dat,rrrr843.data
838,Ginneken,51.53,4.73,https://climexp.knmi.nl/getdutchrr.cgi?id=someone@somewhere&WMO=838,https://climexp.knmi.nl/data/rrrr838.dat,rrrr838.data
446,Goedereede,51.82,3.97,https://climexp.knmi.nl/getdutchrr.cgi?id=someone@somewhere&WMO=446,https://climexp.knmi.nl/data/rrrr446.dat,rrrr446.data
706,GOES,-999.9,-999.9,https://climexp.knmi.nl/getdutchrr.cgi?id=someone@somewhere&WMO=706,https://climexp.knmi.nl/data/rrrr706.dat,rrrr706.data
661,GOOR,-999.9,-999.9,https://climexp.knmi.nl/getdutchrr.cgi?id=someone@somewhere&WMO=661,https://climexp.knmi.nl/data/rrrr661.dat,rrrr661.data
836,Gorinchem,51.83,4.97,https://climexp.knmi.nl/getdutchrr.cgi?id=someone@somewhere&WMO=836,https://climexp.knmi.nl/data/rrrr836.dat,rrrr836.data
082,Gorredijk,53,6.05,https://climexp.knmi.nl/getdutchrr.cgi?id=someone@somewhere&WMO=082,https://climexp.knmi.nl/data/rrrr082.dat,rrrr082.data
443,Gouda,52,4.72,https://climexp.knmi.nl/getdutchrr.cgi?id=someone@somewhere&WMO=443,https://climexp.knmi.nl/data/rrrr443.dat,rrrr443.data
300,GRAFHORST,-999.9,-999.9,https://climexp.knmi.nl/getdutchrr.cgi?id=someone@somewhere&WMO=300,https://climexp.knmi.nl/data/rrrr300.dat,rrrr300.data
411,GRAVENZANDE-S,-999.9,-999.9,https://climexp.knmi.nl/getdutchrr.cgi?id=someone@somewhere&WMO=411,https://climexp.knmi.nl/data/rrrr411.dat,rrrr411.data
127,GRIJPSKERK,-999.9,-999.9,https://climexp.knmi.nl/getdutchrr.cgi?id=someone@somewhere&WMO=127,https://climexp.knmi.nl/data/rrrr127.dat,rrrr127.data
739,GROEDE,-999.9,-999.9,https://climexp.knmi.nl/getdutchrr.cgi?id=someone@somewhere&WMO=739,https://climexp.knmi.nl/data/rrrr739.dat,rrrr739.data
894,GROESBEEK,-999.9,-999.9,https://climexp.knmi.nl/getdutchrr.cgi?id=someone@somewhere&WMO=894,https://climexp.knmi.nl/data/rrrr894.dat,rrrr894.data
139,Groningen,53.18,6.58,https://climexp.knmi.nl/getdutchrr.cgi?id=someone@somewhere&WMO=139,https://climexp.knmi.nl/data/rrrr139.dat,rrrr139.data
434,Groot Ammers,51.92,4.82,https://climexp.knmi.nl/getdutchrr.cgi?id=someone@somewhere&WMO=434,https://climexp.knmi.nl/data/rrrr434.dat,rrrr434.data
207,GROSTHUIZEN,-999.9,-999.9,https://climexp.knmi.nl/getdutchrr.cgi?id=someone@somewhere&WMO=207,https://climexp.knmi.nl/data/rrrr207.dat,rrrr207.data
752,Haamstede,51.67,3.72,https://climexp.knmi.nl/getdutchrr.cgi?id=someone@somewhere&WMO=752,https://climexp.knmi.nl/data/rrrr752.dat,rrrr752.data
734,HAAMSTEDE-VUURTOREN,-999.9,-999.9,https://climexp.knmi.nl/getdutchrr.cgi?id=someone@somewhere&WMO=734,https://climexp.knmi.nl/data/rrrr734.dat,rrrr734.data
053,HALLUM-FR,-999.9,-999.9,https://climexp.knmi.nl/getdutchrr.cgi?id=someone@somewhere&WMO=053,https://climexp.knmi.nl/data/rrrr053.dat,rrrr053.data
582,Hamersveld,52.13,5.42,https://climexp.knmi.nl/getdutchrr.cgi?id=someone@somewhere&WMO=582,https://climexp.knmi.nl/data/rrrr582.dat,rrrr582.data
516,Harderwijk,52.35,5.6,https://climexp.knmi.nl/getdutchrr.cgi?id=someone@somewhere&WMO=516,https://climexp.knmi.nl/data/rrrr516.dat,rrrr516.data
066,Harlingen,53.17,5.42,https://climexp.knmi.nl/getdutchrr.cgi?id=someone@somewhere&WMO=066,https://climexp.knmi.nl/data/rrrr066.dat,rrrr066.data
671,HARREVELD,-999.9,-999.9,https://climexp.knmi.nl/getdutchrr.cgi?id=someone@somewhere&WMO=671,https://climexp.knmi.nl/data/rrrr671.dat,rrrr671.data
571,Harskamp,52.15,5.73,https://climexp.knmi.nl/getdutchrr.cgi?id=someone@somewhere&WMO=571,https://climexp.knmi.nl/data/rrrr571.dat,rrrr571.data
568,HATERT,-999.9,-999.9,https://climexp.knmi.nl/getdutchrr.cgi?id=someone@somewhere&WMO=568,https://climexp.knmi.nl/data/rrrr568.dat,rrrr568.data
302,HATTEM,-999.9,-999.9,https://climexp.knmi.nl/getdutchrr.cgi?id=someone@somewhere&WMO=302,https://climexp.knmi.nl/data/rrrr302.dat,rrrr302.data
291,HAVELTE,-999.9,-999.9,https://climexp.knmi.nl/getdutchrr.cgi?id=someone@somewhere&WMO=291,https://climexp.knmi.nl/data/rrrr291.dat,rrrr291.data
079,Heeg,52.97,5.6,https://climexp.knmi.nl/getdutchrr.cgi?id=someone@somewhere&WMO=079,https://climexp.knmi.nl/data/rrrr079.dat,rrrr079.data
435,Heemstede,52.33,4.63,https://climexp.knmi.nl/getdutchrr.cgi?id=someone@somewhere&WMO=435,https://climexp.knmi.nl/data/rrrr435.dat,rrrr435.data
328,Heerde,52.37,6.03,https://climexp.knmi.nl/getdutchrr.cgi?id=someone@somewhere&WMO=328,https://climexp.knmi.nl/data/rrrr328.dat,rrrr328.data
660,HEERENBERG-S,-999.9,-999.9,https://climexp.knmi.nl/getdutchrr.cgi?id=someone@somewhere&WMO=660,https://climexp.knmi.nl/data/rrrr660.dat,rrrr660.data
046,HEERENVEEN,-999.9,-999.9,https://climexp.knmi.nl/getdutchrr.cgi?id=someone@somewhere&WMO=046,https://climexp.knmi.nl/data/rrrr046.dat,rrrr046.data
878,HEEREWAARDEN,-999.9,-999.9,https://climexp.knmi.nl/getdutchrr.cgi?id=someone@somewhere&WMO=878,https://climexp.knmi.nl/data/rrrr878.dat,rrrr878.data
956,HEERLEN,-999.9,-999.9,https://climexp.knmi.nl/getdutchrr.cgi?id=someone@somewhere&WMO=956,https://climexp.knmi.nl/data/rrrr956.dat,rrrr956.data
967,Heibloem (L),51.28,5.88,https://climexp.knmi.nl/getdutchrr.cgi?id=someone@somewhere&WMO=967,https://climexp.knmi.nl/data/rrrr967.dat,rrrr967.data
217,Heiloo,52.58,4.73,https://climexp.knmi.nl/getdutchrr.cgi?id=someone@somewhere&WMO=217,https://climexp.knmi.nl/data/rrrr217.dat,rrrr217.data
340,Heino,52.43,6.25,https://climexp.knmi.nl/getdutchrr.cgi?id=someone@somewhere&WMO=340,https://climexp.knmi.nl/data/rrrr340.dat,rrrr340.data
873,HELDEN,-999.9,-999.9,https://climexp.knmi.nl/getdutchrr.cgi?id=someone@somewhere&WMO=873,https://climexp.knmi.nl/data/rrrr873.dat,rrrr873.data
881,HELENAVEEN,-999.9,-999.9,https://climexp.knmi.nl/getdutchrr.cgi?id=someone@somewhere&WMO=881,https://climexp.knmi.nl/data/rrrr881.dat,rrrr881.data
672,Hellendoorn,52.38,6.45,https://climexp.knmi.nl/getdutchrr.cgi?id=someone@somewhere&WMO=672,https://climexp.knmi.nl/data/rrrr672.dat,rrrr672.data
412,HELLEVOETSLUIS,-999.9,-999.9,https://climexp.knmi.nl/getdutchrr.cgi?id=someone@somewhere&WMO=412,https://climexp.knmi.nl/data/rrrr412.dat,rrrr412.data
896,Helmond,51.45,5.58,https://climexp.knmi.nl/getdutchrr.cgi?id=someone@somewhere&WMO=896,https://climexp.knmi.nl/data/rrrr896.dat,rrrr896.data
194,HEMBRUG,-999.9,-999.9,https://climexp.knmi.nl/getdutchrr.cgi?id=someone@somewhere&WMO=194,https://climexp.knmi.nl/data/rrrr194.dat,rrrr194.data
482,Hendrik Ido Ambacht,51.83,4.65,https://climexp.knmi.nl/getdutchrr.cgi?id=someone@somewhere&WMO=482,https://climexp.knmi.nl/data/rrrr482.dat,rrrr482.data
645,Hengelo,52.05,6.3,https://climexp.knmi.nl/getdutchrr.cgi?id=someone@somewhere&WMO=645,https://climexp.knmi.nl/data/rrrr645.dat,rrrr645.data
668,Hengelo (O),52.27,6.75,https://climexp.knmi.nl/getdutchrr.cgi?id=someone@somewhere&WMO=668,https://climexp.knmi.nl/data/rrrr668.dat,rrrr668.data
078,Herbayum,53.18,5.5,https://climexp.knmi.nl/getdutchrr.cgi?id=someone@somewhere&WMO=078,https://climexp.knmi.nl/data/rrrr078.dat,rrrr078.data
824,HERPT,-999.9,-999.9,https://climexp.knmi.nl/getdutchrr.cgi?id=someone@somewhere&WMO=824,https://climexp.knmi.nl/data/rrrr824.dat,rrrr824.data
679,Herwen,51.88,6.1,https://climexp.knmi.nl/getdutchrr.cgi?id=someone@somewhere&WMO=679,https://climexp.knmi.nl/data/rrrr679.dat,rrrr679.data
830,Herwijnen,51.82,5.15,https://climexp.knmi.nl/getdutchrr.cgi?id=someone@somewhere&WMO=830,https://climexp.knmi.nl/data/rrrr830.dat,rrrr830.data
569,Heumen,51.77,5.83,https://climexp.knmi.nl/getdutchrr.cgi?id=someone@somewhere&WMO=569,https://climexp.knmi.nl/data/rrrr569.dat,rrrr569.data
814,HEUSDEN,-999.9,-999.9,https://climexp.knmi.nl/getdutchrr.cgi?id=someone@somewhere&WMO=814,https://climexp.knmi.nl/data/rrrr814.dat,rrrr814.data
574,HIEN,-999.9,-999.9,https://climexp.knmi.nl/getdutchrr.cgi?id=someone@somewhere&WMO=574,https://climexp.knmi.nl/data/rrrr574.dat,rrrr574.data
586,HILVERSUM,-999.9,-999.9,https://climexp.knmi.nl/getdutchrr.cgi?id=someone@somewhere&WMO=586,https://climexp.knmi.nl/data/rrrr586.dat,rrrr586.data
585,HILVERSUM-OOST,-999.9,-999.9,https://climexp.knmi.nl/getdutchrr.cgi?id=someone@somewhere&WMO=585,https://climexp.knmi.nl/data/rrrr585.dat,rrrr585.data
004,HIPPOLYTUSHOEF,-999.9,-999.9,https://climexp.knmi.nl/getdutchrr.cgi?id=someone@somewhere&WMO=004,https://climexp.knmi.nl/data/rrrr004.dat,rrrr004.data
477,Hoek van Holland,51.98,4.13,https://climexp.knmi.nl/getdutchrr.cgi?id=someone@somewhere&WMO=477,https://climexp.knmi.nl/data/rrrr477.dat,rrrr477.data
478,HOEK-VAN-HOLLAND,-999.9,-999.9,https://climexp.knmi.nl/getdutchrr.cgi?id=someone@somewhere&WMO=478,https://climexp.knmi.nl/data/rrrr478.dat,rrrr478.data
553,HOENDERLOO,-999.9,-999.9,https://climexp.knmi.nl/getdutchrr.cgi?id=someone@somewhere&WMO=553,https://climexp.knmi.nl/data/rrrr553.dat,rrrr553.data
888,HOENZADRIEL,-999.9,-999.9,https://climexp.knmi.nl/getdutchrr.cgi?id=someone@somewhere&WMO=888,https://climexp.knmi.nl/data/rrrr888.dat,rrrr888.data
010,Hollum,53.43,5.63,https://climexp.knmi.nl/getdutchrr.cgi?id=someone@somewhere&WMO=010,https://climexp.knmi.nl/data/rrrr010.dat,rrrr010.data
687,Holten,52.3,6.45,https://climexp.knmi.nl/getdutchrr.cgi?id=someone@somewhere&WMO=687,https://climexp.knmi.nl/data/rrrr687.dat,rrrr687.data
960,HOLTUM,-999.9,-999.9,https://climexp.knmi.nl/getdutchrr.cgi?id=someone@somewhere&WMO=960,https://climexp.knmi.nl/data/rrrr960.dat,rrrr960.data
062,HOLWERD,-999.9,-999.9,https://climexp.knmi.nl/getdutchrr.cgi?id=someone@somewhere&WMO=062,https://climexp.knmi.nl/data/rrrr062.dat,rrrr062.data
480,Honselersdijk,52,4.23,https://climexp.knmi.nl/getdutchrr.cgi?id=someone@somewhere&WMO=480,https://climexp.knmi.nl/data/rrrr480.dat,rrrr480.data
438,Hoofddorp,52.28,4.65,https://climexp.knmi.nl/getdutchrr.cgi?id=someone@somewhere&WMO=438,https://climexp.knmi.nl/data/rrrr438.dat,rrrr438.data
839,Hoogerheide,51.42,4.3,https://climexp.knmi.nl/getdutchrr.cgi?id=someone@somewhere&WMO=839,https://climexp.knmi.nl/data/rrrr839.dat,rrrr839.data
332,Hoogeveen,52.7,6.47,https://climexp.knmi.nl/getdutchrr.cgi?id=someone@somewhere&WMO=332,https://climexp.knmi.nl/data/rrrr332.dat,rrrr332.data
249,Hoogkarspel,52.68,5.17,https://climexp.knmi.nl/getdutchrr.cgi?id=someone@somewhere&WMO=249,https://climexp.knmi.nl/data/rrrr249.dat,rrrr249.data
538,HOOGLAND,-999.9,-999.9,https://climexp.knmi.nl/getdutchrr.cgi?id=someone@somewhere&WMO=538,https://climexp.knmi.nl/data/rrrr538.dat,rrrr538.data
484,HOOGMADE,-999.9,-999.9,https://climexp.knmi.nl/getdutchrr.cgi?id=someone@somewhere&WMO=484,https://climexp.knmi.nl/data/rrrr484.dat,rrrr484.data
528,HOOG-SOEREN,-999.9,-999.9,https://climexp.knmi.nl/getdutchrr.cgi?id=someone@somewhere&WMO=528,https://climexp.knmi.nl/data/rrrr528.dat,rrrr528.data
257,Hoogwoud,52.72,4.95,https://climexp.knmi.nl/getdutchrr.cgi?id=someone@somewhere&WMO=257,https://climexp.knmi.nl/data/rrrr257.dat,rrrr257.data
222,Hoorn (Nh),52.65,5.03,https://climexp.knmi.nl/getdutchrr.cgi?id=someone@somewhere&WMO=222,https://climexp.knmi.nl/data/rrrr222.dat,rrrr222.data
013,HOORN-TERSCHELLING,-999.9,-999.9,https://climexp.knmi.nl/getdutchrr.cgi?id=someone@somewhere&WMO=013,https://climexp.knmi.nl/data/rrrr013.dat,rrrr013.data
875,HORST,-999.9,-999.9,https://climexp.knmi.nl/getdutchrr.cgi?id=someone@somewhere&WMO=875,https://climexp.knmi.nl/data/rrrr875.dat,rrrr875.data
594,HUIZEN,-999.9,-999.9,https://climexp.knmi.nl/getdutchrr.cgi?id=someone@somewhere&WMO=594,https://climexp.knmi.nl/data/rrrr594.dat,rrrr594.data
564,Hulshorst,52.35,5.68,https://climexp.knmi.nl/getdutchrr.cgi?id=someone@somewhere&WMO=564,https://climexp.knmi.nl/data/rrrr564.dat,rrrr564.data
132,HUNNEHEIDE-ASSEN,-999.9,-999.9,https://climexp.knmi.nl/getdutchrr.cgi?id=someone@somewhere&WMO=132,https://climexp.knmi.nl/data/rrrr132.dat,rrrr132.data
688,Hupsel,52.07,6.63,https://climexp.knmi.nl/getdutchrr.cgi?id=someone@somewhere&WMO=688,https://climexp.knmi.nl/data/rrrr688.dat,rrrr688.data
201,IJMUIDEN,-999.9,-999.9,https://climexp.knmi.nl/getdutchrr.cgi?id=someone@somewhere&WMO=201,https://climexp.knmi.nl/data/rrrr201.dat,rrrr201.data
451,IJSSELMONDE,-999.9,-999.9,https://climexp.knmi.nl/getdutchrr.cgi?id=someone@somewhere&WMO=451,https://climexp.knmi.nl/data/rrrr451.dat,rrrr451.data
335,IJsselmuiden,52.57,5.95,https://climexp.knmi.nl/getdutchrr.cgi?id=someone@somewhere&WMO=335,https://climexp.knmi.nl/data/rrrr335.dat,rrrr335.data
913,IJsselsteyn (L),51.48,5.88,https://climexp.knmi.nl/getdutchrr.cgi?id=someone@somewhere&WMO=913,https://climexp.knmi.nl/data/rrrr913.dat,rrrr913.data
709,IJZENDIJKE,-999.9,-999.9,https://climexp.knmi.nl/getdutchrr.cgi?id=someone@somewhere&WMO=709,https://climexp.knmi.nl/data/rrrr709.dat,rrrr709.data
522,INGEN,-999.9,-999.9,https://climexp.knmi.nl/getdutchrr.cgi?id=someone@somewhere&WMO=522,https://climexp.knmi.nl/data/rrrr522.dat,rrrr522.data
060,IRNSUM,-999.9,-999.9,https://climexp.knmi.nl/getdutchrr.cgi?id=someone@somewhere&WMO=060,https://climexp.knmi.nl/data/rrrr060.dat,rrrr060.data
081,Joure,52.97,5.82,https://climexp.knmi.nl/getdutchrr.cgi?id=someone@somewhere&WMO=081,https://climexp.knmi.nl/data/rrrr081.dat,rrrr081.data
825,KAATSHEUVEL,-999.9,-999.9,https://climexp.knmi.nl/getdutchrr.cgi?id=someone@somewhere&WMO=825,https://climexp.knmi.nl/data/rrrr825.dat,rrrr825.data
524,KADIJK-BIJ-TERWOLDE,-999.9,-999.9,https://climexp.knmi.nl/getdutchrr.cgi?id=someone@somewhere&WMO=524,https://climexp.knmi.nl/data/rrrr524.dat,rrrr524.data
287,KAMPEN,-999.9,-999.9,https://climexp.knmi.nl/getdutchrr.cgi?id=someone@somewhere&WMO=287,https://climexp.knmi.nl/data/rrrr287.dat,rrrr287.data
285,KAMPEREILAND,-999.9,-999.9,https://climexp.knmi.nl/getdutchrr.cgi?id=someone@somewhere&WMO=285,https://climexp.knmi.nl/data/rrrr285.dat,rrrr285.data
355,KAMPER-NIEUWSTAD,-999.9,-999.9,https://climexp.knmi.nl/getdutchrr.cgi?id=someone@somewhere&WMO=355,https://climexp.knmi.nl/data/rrrr355.dat,rrrr355.data
735,Kapelle,51.47,3.93,https://climexp.knmi.nl/getdutchrr.cgi?id=someone@somewhere&WMO=735,https://climexp.knmi.nl/data/rrrr735.dat,rrrr735.data
767,Kapellebrug,51.25,4.03,https://climexp.knmi.nl/getdutchrr.cgi?id=someone@somewhere&WMO=767,https://climexp.knmi.nl/data/rrrr767.dat,rrrr767.data
413,KATWIJK,-999.9,-999.9,https://climexp.knmi.nl/getdutchrr.cgi?id=someone@somewhere&WMO=413,https://climexp.knmi.nl/data/rrrr413.dat,rrrr413.data
444,Katwijk aan den Rijn,52.18,4.4,https://climexp.knmi.nl/getdutchrr.cgi?id=someone@somewhere&WMO=444,https://climexp.knmi.nl/data/rrrr444.dat,rrrr444.data
351,KAVEL-B-86-RUTTEN,-999.9,-999.9,https://climexp.knmi.nl/getdutchrr.cgi?id=someone@somewhere&WMO=351,https://climexp.knmi.nl/data/rrrr351.dat,rrrr351.data
876,KERKDRIEL,-999.9,-999.9,https://climexp.knmi.nl/getdutchrr.cgi?id=someone@somewhere&WMO=876,https://climexp.knmi.nl/data/rrrr876.dat,rrrr876.data
953,KERKRADE,-999.9,-999.9,https://climexp.knmi.nl/getdutchrr.cgi?id=someone@somewhere&WMO=953,https://climexp.knmi.nl/data/rrrr953.dat,rrrr953.data
737,Kerkwerve,51.67,3.85,https://climexp.knmi.nl/getdutchrr.cgi?id=someone@somewhere&WMO=737,https://climexp.knmi.nl/data/rrrr737.dat,rrrr737.data
871,KESSEL,-999.9,-999.9,https://climexp.knmi.nl/getdutchrr.cgi?id=someone@somewhere&WMO=871,https://climexp.knmi.nl/data/rrrr871.dat,rrrr871.data
983,Kessel-Eik,51.28,6.02,https://climexp.knmi.nl/getdutchrr.cgi?id=someone@somewhere&WMO=983,https://climexp.knmi.nl/data/rrrr983.dat,rrrr983.data
587,KESTEREN,-999.9,-999.9,https://climexp.knmi.nl/getdutchrr.cgi?id=someone@somewhere&WMO=587,https://climexp.knmi.nl/data/rrrr587.dat,rrrr587.data
656,KILDER-GEM.-BERGH,-999.9,-999.9,https://climexp.knmi.nl/getdutchrr.cgi?id=someone@somewhere&WMO=656,https://climexp.knmi.nl/data/rrrr656.dat,rrrr656.data
425,KLAASWAAL,-999.9,-999.9,https://climexp.knmi.nl/getdutchrr.cgi?id=someone@somewhere&WMO=425,https://climexp.knmi.nl/data/rrrr425.dat,rrrr425.data
349,Klazienaveen,52.73,6.98,https://climexp.knmi.nl/getdutchrr.cgi?id=someone@somewhere&WMO=349,https://climexp.knmi.nl/data/rrrr349.dat,rrrr349.data
764,Kloosterzande,51.37,4.02,https://climexp.knmi.nl/getdutchrr.cgi?id=someone@somewhere&WMO=764,https://climexp.knmi.nl/data/rrrr764.dat,rrrr764.data
841,Klundert,51.65,4.52,https://climexp.knmi.nl/getdutchrr.cgi?id=someone@somewhere&WMO=841,https://climexp.knmi.nl/data/rrrr841.dat,rrrr841.data
245,KOEDIJK,-999.9,-999.9,https://climexp.knmi.nl/getdutchrr.cgi?id=someone@somewhere&WMO=245,https://climexp.knmi.nl/data/rrrr245.dat,rrrr245.data
252,Kolhorn,52.78,4.88,https://climexp.knmi.nl/getdutchrr.cgi?id=someone@somewhere&WMO=252,https://climexp.knmi.nl/data/rrrr252.dat,rrrr252.data
209,KOLHORN-KAVEL-B45,-999.9,-999.9,https://climexp.knmi.nl/getdutchrr.cgi?id=someone@somewhere&WMO=209,https://climexp.knmi.nl/data/rrrr209.dat,rrrr209.data
077,Kollum,53.27,6.13,https://climexp.knmi.nl/getdutchrr.cgi?id=someone@somewhere&WMO=077,https://climexp.knmi.nl/data/rrrr077.dat,rrrr077.data
555,KOOTWIJK,-999.9,-999.9,https://climexp.knmi.nl/getdutchrr.cgi?id=someone@somewhere&WMO=555,https://climexp.knmi.nl/data/rrrr555.dat,rrrr555.data
567,Kootwijk (Radio),52.17,5.82,https://climexp.knmi.nl/getdutchrr.cgi?id=someone@somewhere&WMO=567,https://climexp.knmi.nl/data/rrrr567.dat,rrrr567.data
076,Kornwerderzand,53.05,5.33,https://climexp.knmi.nl/getdutchrr.cgi?id=someone@somewhere&WMO=076,https://climexp.knmi.nl/data/rrrr076.dat,rrrr076.data
755,Kortgene,51.55,3.82,https://climexp.knmi.nl/getdutchrr.cgi?id=someone@somewhere&WMO=755,https://climexp.knmi.nl/data/rrrr755.dat,rrrr755.data
057,KOUDUM,-999.9,-999.9,https://climexp.knmi.nl/getdutchrr.cgi?id=someone@somewhere&WMO=057,https://climexp.knmi.nl/data/rrrr057.dat,rrrr057.data
747,Krabbendijke,51.43,4.1,https://climexp.knmi.nl/getdutchrr.cgi?id=someone@somewhere&WMO=747,https://climexp.knmi.nl/data/rrrr747.dat,rrrr747.data
310,KRAGGENBURG,-999.9,-999.9,https://climexp.knmi.nl/getdutchrr.cgi?id=someone@somewhere&WMO=310,https://climexp.knmi.nl/data/rrrr310.dat,rrrr310.data
346,KRAGGENBURG,-999.9,-999.9,https://climexp.knmi.nl/getdutchrr.cgi?id=someone@somewhere&WMO=346,https://climexp.knmi.nl/data/rrrr346.dat,rrrr346.data
240,Kreileroord,52.85,5.08,https://climexp.knmi.nl/getdutchrr.cgi?id=someone@somewhere&WMO=240,https://climexp.knmi.nl/data/rrrr240.dat,rrrr240.data
483,Krimpen aan de Lek,51.88,4.6,https://climexp.knmi.nl/getdutchrr.cgi?id=someone@somewhere&WMO=483,https://climexp.knmi.nl/data/rrrr483.dat,rrrr483.data
264,KROMMENIE,-999.9,-999.9,https://climexp.knmi.nl/getdutchrr.cgi?id=someone@somewhere&WMO=264,https://climexp.knmi.nl/data/rrrr264.dat,rrrr264.data
722,KRUININGEN,-999.9,-999.9,https://climexp.knmi.nl/getdutchrr.cgi?id=someone@somewhere&WMO=722,https://climexp.knmi.nl/data/rrrr722.dat,rrrr722.data
356,Kuinre,52.78,5.83,https://climexp.knmi.nl/getdutchrr.cgi?id=someone@somewhere&WMO=356,https://climexp.knmi.nl/data/rrrr356.dat,rrrr356.data
323,Laaghalen,52.92,6.52,https://climexp.knmi.nl/getdutchrr.cgi?id=someone@somewhere&WMO=323,https://climexp.knmi.nl/data/rrrr323.dat,rrrr323.data
826,LAGE-ZWALUWE,-999.9,-999.9,https://climexp.knmi.nl/getdutchrr.cgi?id=someone@somewhere&WMO=826,https://climexp.knmi.nl/data/rrrr826.dat,rrrr826.data
313,LANGEVEEN,-999.9,-999.9,https://climexp.knmi.nl/getdutchrr.cgi?id=someone@somewhere&WMO=313,https://climexp.knmi.nl/data/rrrr313.dat,rrrr313.data
593,Laren,52.23,5.2,https://climexp.knmi.nl/getdutchrr.cgi?id=someone@somewhere&WMO=593,https://climexp.knmi.nl/data/rrrr593.dat,rrrr593.data
912,Leende,51.32,5.53,https://climexp.knmi.nl/getdutchrr.cgi?id=someone@somewhere&WMO=912,https://climexp.knmi.nl/data/rrrr912.dat,rrrr912.data
525,LEERSUM,-999.9,-999.9,https://climexp.knmi.nl/getdutchrr.cgi?id=someone@somewhere&WMO=525,https://climexp.knmi.nl/data/rrrr525.dat,rrrr525.data
041,LEEUWARDEN,-999.9,-999.9,https://climexp.knmi.nl/getdutchrr.cgi?id=someone@somewhere&WMO=041,https://climexp.knmi.nl/data/rrrr041.dat,rrrr041.data
085,Leeuwarden,53.22,5.75,https://climexp.knmi.nl/getdutchrr.cgi?id=someone@somewhere&WMO=085,https://climexp.knmi.nl/data/rrrr085.dat,rrrr085.data
469,Leiden,52.13,4.48,https://climexp.knmi.nl/getdutchrr.cgi?id=someone@somewhere&WMO=469,https://climexp.knmi.nl/data/rrrr469.dat,rrrr469.data
250,LELYSTAD,-999.9,-999.9,https://climexp.knmi.nl/getdutchrr.cgi?id=someone@somewhere&WMO=250,https://climexp.knmi.nl/data/rrrr250.dat,rrrr250.data
369,Lelystad (Eendenweg),52.45,5.52,https://climexp.knmi.nl/getdutchrr.cgi?id=someone@somewhere&WMO=369,https://climexp.knmi.nl/data/rrrr369.dat,rrrr369.data
288,LEMELERVELD,-999.9,-999.9,https://climexp.knmi.nl/getdutchrr.cgi?id=someone@somewhere&WMO=288,https://climexp.knmi.nl/data/rrrr288.dat,rrrr288.data
044,LEMMER,-999.9,-999.9,https://climexp.knmi.nl/getdutchrr.cgi?id=someone@somewhere&WMO=044,https://climexp.knmi.nl/data/rrrr044.dat,rrrr044.data
359,Lemmer (Gemaal Buma),52.83,5.7,https://climexp.knmi.nl/getdutchrr.cgi?id=someone@somewhere&WMO=359,https://climexp.knmi.nl/data/rrrr359.dat,rrrr359.data
074,LEMMER-TACOZIJL,-999.9,-999.9,https://climexp.knmi.nl/getdutchrr.cgi?id=someone@somewhere&WMO=074,https://climexp.knmi.nl/data/rrrr074.dat,rrrr074.data
681,Lettele,52.27,6.27,https://climexp.knmi.nl/getdutchrr.cgi?id=someone@somewhere&WMO=681,https://climexp.knmi.nl/data/rrrr681.dat,rrrr681.data
683,Lichtenvoorde,51.98,6.55,https://climexp.knmi.nl/getdutchrr.cgi?id=someone@somewhere&WMO=683,https://climexp.knmi.nl/data/rrrr683.dat,rrrr683.data
533,LIENDEN,-999.9,-999.9,https://climexp.knmi.nl/getdutchrr.cgi?id=someone@somewhere&WMO=533,https://climexp.knmi.nl/data/rrrr533.dat,rrrr533.data
684,Lievelde,52.02,6.63,https://climexp.knmi.nl/getdutchrr.cgi?id=someone@somewhere&WMO=684,https://climexp.knmi.nl/data/rrrr684.dat,rrrr684.data
437,Lijnden (Nh),52.35,4.75,https://climexp.knmi.nl/getdutchrr.cgi?id=someone@somewhere&WMO=437,https://climexp.knmi.nl/data/rrrr437.dat,rrrr437.data
454,Lisse,52.25,4.53,https://climexp.knmi.nl/getdutchrr.cgi?id=someone@somewhere&WMO=454,https://climexp.knmi.nl/data/rrrr454.dat,rrrr454.data
649,LOBITH,-999.9,-999.9,https://climexp.knmi.nl/getdutchrr.cgi?id=someone@somewhere&WMO=649,https://climexp.knmi.nl/data/rrrr649.dat,rrrr649.data
663,Lochem,52.15,6.38,https://climexp.knmi.nl/getdutchrr.cgi?id=someone@somewhere&WMO=663,https://climexp.knmi.nl/data/rrrr663.dat,rrrr663.data
548,Loenen aan de Vecht,52.2,5.03,https://climexp.knmi.nl/getdutchrr.cgi?id=someone@somewhere&WMO=548,https://climexp.knmi.nl/data/rrrr548.dat,rrrr548.data
885,LOTTUM,-999.9,-999.9,https://climexp.knmi.nl/getdutchrr.cgi?id=someone@somewhere&WMO=885,https://climexp.knmi.nl/data/rrrr885.dat,rrrr885.data
558,Lunteren,52.08,5.6,https://climexp.knmi.nl/getdutchrr.cgi?id=someone@somewhere&WMO=558,https://climexp.knmi.nl/data/rrrr558.dat,rrrr558.data
203,LUTJEWINKEL,-999.9,-999.9,https://climexp.knmi.nl/getdutchrr.cgi?id=someone@somewhere&WMO=203,https://climexp.knmi.nl/data/rrrr203.dat,rrrr203.data
319,LUTTELGEEST,-999.9,-999.9,https://climexp.knmi.nl/getdutchrr.cgi?id=someone@somewhere&WMO=319,https://climexp.knmi.nl/data/rrrr319.dat,rrrr319.data
918,Maarheeze,51.3,5.58,https://climexp.knmi.nl/getdutchrr.cgi?id=someone@somewhere&WMO=918,https://climexp.knmi.nl/data/rrrr918.dat,rrrr918.data
479,Maasland,51.97,4.25,https://climexp.knmi.nl/getdutchrr.cgi?id=someone@somewhere&WMO=479,https://climexp.knmi.nl/data/rrrr479.dat,rrrr479.data
972,MAASTRICHT,-999.9,-999.9,https://climexp.knmi.nl/getdutchrr.cgi?id=someone@somewhere&WMO=972,https://climexp.knmi.nl/data/rrrr972.dat,rrrr972.data
976,MAASTRICHT,-999.9,-999.9,https://climexp.knmi.nl/getdutchrr.cgi?id=someone@somewhere&WMO=976,https://climexp.knmi.nl/data/rrrr976.dat,rrrr976.data
951,MAASTRICHT-HELMSTRAAT,-999.9,-999.9,https://climexp.knmi.nl/getdutchrr.cgi?id=someone@somewhere&WMO=951,https://climexp.knmi.nl/data/rrrr951.dat,rrrr951.data
065,Makkum,53.05,5.38,https://climexp.knmi.nl/getdutchrr.cgi?id=someone@somewhere&WMO=065,https://climexp.knmi.nl/data/rrrr065.dat,rrrr065.data
360,MANDER,-999.9,-999.9,https://climexp.knmi.nl/getdutchrr.cgi?id=someone@somewhere&WMO=360,https://climexp.knmi.nl/data/rrrr360.dat,rrrr360.data
682,Markelo,52.23,6.48,https://climexp.knmi.nl/getdutchrr.cgi?id=someone@somewhere&WMO=682,https://climexp.knmi.nl/data/rrrr682.dat,rrrr682.data
256,Marken (Nieuw),52.45,5.12,https://climexp.knmi.nl/getdutchrr.cgi?id=someone@somewhere&WMO=256,https://climexp.knmi.nl/data/rrrr256.dat,rrrr256.data
246,MARKEN-OUD,-999.9,-999.9,https://climexp.knmi.nl/getdutchrr.cgi?id=someone@somewhere&WMO=246,https://climexp.knmi.nl/data/rrrr246.dat,rrrr246.data
317,Marknesse,52.68,5.85,https://climexp.knmi.nl/getdutchrr.cgi?id=someone@somewhere&WMO=317,https://climexp.knmi.nl/data/rrrr317.dat,rrrr317.data
653,MARKVELDE,-999.9,-999.9,https://climexp.knmi.nl/getdutchrr.cgi?id=someone@somewhere&WMO=653,https://climexp.knmi.nl/data/rrrr653.dat,rrrr653.data
166,Marum,53.13,6.28,https://climexp.knmi.nl/getdutchrr.cgi?id=someone@somewhere&WMO=166,https://climexp.knmi.nl/data/rrrr166.dat,rrrr166.data
236,Medemblik,52.75,5.1,https://climexp.knmi.nl/getdutchrr.cgi?id=someone@somewhere&WMO=236,https://climexp.knmi.nl/data/rrrr236.dat,rrrr236.data
519,MEERKERK,-999.9,-999.9,https://climexp.knmi.nl/getdutchrr.cgi?id=someone@somewhere&WMO=519,https://climexp.knmi.nl/data/rrrr519.dat,rrrr519.data
652,MEGCHELEN,-999.9,-999.9,https://climexp.knmi.nl/getdutchrr.cgi?id=someone@somewhere&WMO=652,https://climexp.knmi.nl/data/rrrr652.dat,rrrr652.data
903,Megen,51.82,5.55,https://climexp.knmi.nl/getdutchrr.cgi?id=someone@somewhere&WMO=903,https://climexp.knmi.nl/data/rrrr903.dat,rrrr903.data
290,MEPPEL,-999.9,-999.9,https://climexp.knmi.nl/getdutchrr.cgi?id=someone@somewhere&WMO=290,https://climexp.knmi.nl/data/rrrr290.dat,rrrr290.data
304,MEPPEN,-999.9,-999.9,https://climexp.knmi.nl/getdutchrr.cgi?id=someone@somewhere&WMO=304,https://climexp.knmi.nl/data/rrrr304.dat,rrrr304.data
756,Middelburg,51.48,3.58,https://climexp.knmi.nl/getdutchrr.cgi?id=someone@somewhere&WMO=756,https://climexp.knmi.nl/data/rrrr756.dat,rrrr756.data
134,Middelstum,53.32,6.6,https://climexp.knmi.nl/getdutchrr.cgi?id=someone@somewhere&WMO=134,https://climexp.knmi.nl/data/rrrr134.dat,rrrr134.data
247,MIDDENMEER,-999.9,-999.9,https://climexp.knmi.nl/getdutchrr.cgi?id=someone@somewhere&WMO=247,https://climexp.knmi.nl/data/rrrr247.dat,rrrr247.data
014,MIDSLAND,-999.9,-999.9,https://climexp.knmi.nl/getdutchrr.cgi?id=someone@somewhere&WMO=014,https://climexp.knmi.nl/data/rrrr014.dat,rrrr014.data
909,Mill,51.67,5.78,https://climexp.knmi.nl/getdutchrr.cgi?id=someone@somewhere&WMO=909,https://climexp.knmi.nl/data/rrrr909.dat,rrrr909.data
890,MILSBEEK,-999.9,-999.9,https://climexp.knmi.nl/getdutchrr.cgi?id=someone@somewhere&WMO=890,https://climexp.knmi.nl/data/rrrr890.dat,rrrr890.data
813,MOERDIJK,-999.9,-999.9,https://climexp.knmi.nl/getdutchrr.cgi?id=someone@somewhere&WMO=813,https://climexp.knmi.nl/data/rrrr813.dat,rrrr813.data
448,NAALDWIJK,-999.9,-999.9,https://climexp.knmi.nl/getdutchrr.cgi?id=someone@somewhere&WMO=448,https://climexp.knmi.nl/data/rrrr448.dat,rrrr448.data
352,Nagele,52.62,5.72,https://climexp.knmi.nl/getdutchrr.cgi?id=someone@somewhere&WMO=352,https://climexp.knmi.nl/data/rrrr352.dat,rrrr352.data
520,NEDERHORST-DEN-BERG,-999.9,-999.9,https://climexp.knmi.nl/getdutchrr.cgi?id=someone@somewhere&WMO=520,https://climexp.knmi.nl/data/rrrr520.dat,rrrr520.data
650,NEEDE,-999.9,-999.9,https://climexp.knmi.nl/getdutchrr.cgi?id=someone@somewhere&WMO=650,https://climexp.knmi.nl/data/rrrr650.dat,rrrr650.data
018,Nes (Ameland),53.43,5.77,https://climexp.knmi.nl/getdutchrr.cgi?id=someone@somewhere&WMO=018,https://climexp.knmi.nl/data/rrrr018.dat,rrrr018.data
162,Niekerk,53.22,6.33,https://climexp.knmi.nl/getdutchrr.cgi?id=someone@somewhere&WMO=162,https://climexp.knmi.nl/data/rrrr162.dat,rrrr162.data
146,NIEUW-BEERTA,-999.9,-999.9,https://climexp.knmi.nl/getdutchrr.cgi?id=someone@somewhere&WMO=146,https://climexp.knmi.nl/data/rrrr146.dat,rrrr146.data
159,Nieuw Buinen,52.97,6.95,https://climexp.knmi.nl/getdutchrr.cgi?id=someone@somewhere&WMO=159,https://climexp.knmi.nl/data/rrrr159.dat,rrrr159.data
840,Nieuwendijk (Nb),51.77,4.92,https://climexp.knmi.nl/getdutchrr.cgi?id=someone@somewhere&WMO=840,https://climexp.knmi.nl/data/rrrr840.dat,rrrr840.data
428,NIEUWENHOORN,-999.9,-999.9,https://climexp.knmi.nl/getdutchrr.cgi?id=someone@somewhere&WMO=428,https://climexp.knmi.nl/data/rrrr428.dat,rrrr428.data
731,NIEUW-EN-SINT-JOOSTLAND,-999.9,-999.9,https://climexp.knmi.nl/getdutchrr.cgi?id=someone@somewhere&WMO=731,https://climexp.knmi.nl/data/rrrr731.dat,rrrr731.data
463,Nieuw Helvoet,51.83,4.12,https://climexp.knmi.nl/getdutchrr.cgi?id=someone@somewhere&WMO=463,https://climexp.knmi.nl/data/rrrr463.dat,rrrr463.data
537,NIEUWLAND-ZH,-999.9,-999.9,https://climexp.knmi.nl/getdutchrr.cgi?id=someone@somewhere&WMO=537,https://climexp.knmi.nl/data/rrrr537.dat,rrrr537.data
320,NIEUWLEUSEN,-999.9,-999.9,https://climexp.knmi.nl/getdutchrr.cgi?id=someone@somewhere&WMO=320,https://climexp.knmi.nl/data/rrrr320.dat,rrrr320.data
172,Nieuwolda,53.23,6.98,https://climexp.knmi.nl/getdutchrr.cgi?id=someone@somewhere&WMO=172,https://climexp.knmi.nl/data/rrrr172.dat,rrrr172.data
416,NIEUWVEEN-ZH,-999.9,-999.9,https://climexp.knmi.nl/getdutchrr.cgi?id=someone@somewhere&WMO=416,https://climexp.knmi.nl/data/rrrr416.dat,rrrr416.data
727,NIEUWVLIET,-999.9,-999.9,https://climexp.knmi.nl/getdutchrr.cgi?id=someone@somewhere&WMO=727,https://climexp.knmi.nl/data/rrrr727.dat,rrrr727.data
086,Nijbeets,53.05,6,https://climexp.knmi.nl/getdutchrr.cgi?id=someone@somewhere&WMO=086,https://climexp.knmi.nl/data/rrrr086.dat,rrrr086.data
531,NIJBROEK,-999.9,-999.9,https://climexp.knmi.nl/getdutchrr.cgi?id=someone@somewhere&WMO=531,https://climexp.knmi.nl/data/rrrr531.dat,rrrr531.data
547,Nijkerk,52.22,5.47,https://climexp.knmi.nl/getdutchrr.cgi?id=someone@somewhere&WMO=547,https://climexp.knmi.nl/data/rrrr547.dat,rrrr547.data
368,NIJKERK-SLUIS,-999.9,-999.9,https://climexp.knmi.nl/getdutchrr.cgi?id=someone@somewhere&WMO=368,https://climexp.knmi.nl/data/rrrr368.dat,rrrr368.data
539,Nijmegen,51.83,5.88,https://climexp.knmi.nl/getdutchrr.cgi?id=someone@somewhere&WMO=539,https://climexp.knmi.nl/data/rrrr539.dat,rrrr539.data
592,NIJMEGEN-RADBOUD,-999.9,-999.9,https://climexp.knmi.nl/getdutchrr.cgi?id=someone@somewhere&WMO=592,https://climexp.knmi.nl/data/rrrr592.dat,rrrr592.data
971,Noorbeek,50.77,5.8,https://climexp.knmi.nl/getdutchrr.cgi?id=someone@somewhere&WMO=971,https://climexp.knmi.nl/data/rrrr971.dat,rrrr971.data
743,Noordgouwe,51.68,3.95,https://climexp.knmi.nl/getdutchrr.cgi?id=someone@somewhere&WMO=743,https://climexp.knmi.nl/data/rrrr743.dat,rrrr743.data
316,NOP-KAVEL-P64,-999.9,-999.9,https://climexp.knmi.nl/getdutchrr.cgi?id=someone@somewhere&WMO=316,https://climexp.knmi.nl/data/rrrr316.dat,rrrr316.data
312,NOP-KAVEL-R74,-999.9,-999.9,https://climexp.knmi.nl/getdutchrr.cgi?id=someone@somewhere&WMO=312,https://climexp.knmi.nl/data/rrrr312.dat,rrrr312.data
318,NOP-KAVEL-S38,-999.9,-999.9,https://climexp.knmi.nl/getdutchrr.cgi?id=someone@somewhere&WMO=318,https://climexp.knmi.nl/data/rrrr318.dat,rrrr318.data
374,NOP-KAVEL-S64,-999.9,-999.9,https://climexp.knmi.nl/getdutchrr.cgi?id=someone@somewhere&WMO=374,https://climexp.knmi.nl/data/rrrr374.dat,rrrr374.data
901,Nuland,51.72,5.4,https://climexp.knmi.nl/getdutchrr.cgi?id=someone@somewhere&WMO=901,https://climexp.knmi.nl/data/rrrr901.dat,rrrr901.data
450,Numansdorp,51.73,4.42,https://climexp.knmi.nl/getdutchrr.cgi?id=someone@somewhere&WMO=450,https://climexp.knmi.nl/data/rrrr450.dat,rrrr450.data
334,NUNSPEET,-999.9,-999.9,https://climexp.knmi.nl/getdutchrr.cgi?id=someone@somewhere&WMO=334,https://climexp.knmi.nl/data/rrrr334.dat,rrrr334.data
255,Obdam (Nieuw),52.67,4.87,https://climexp.knmi.nl/getdutchrr.cgi?id=someone@somewhere&WMO=255,https://climexp.knmi.nl/data/rrrr255.dat,rrrr255.data
243,OBDAM-OUD,-999.9,-999.9,https://climexp.knmi.nl/getdutchrr.cgi?id=someone@somewhere&WMO=243,https://climexp.knmi.nl/data/rrrr243.dat,rrrr243.data
906,Oirschot,51.5,5.32,https://climexp.knmi.nl/getdutchrr.cgi?id=someone@somewhere&WMO=906,https://climexp.knmi.nl/data/rrrr906.dat,rrrr906.data
336,Oldebroek,52.38,5.9,https://climexp.knmi.nl/getdutchrr.cgi?id=someone@somewhere&WMO=336,https://climexp.knmi.nl/data/rrrr336.dat,rrrr336.data
306,OLDEBROEK-DORP,-999.9,-999.9,https://climexp.knmi.nl/getdutchrr.cgi?id=someone@somewhere&WMO=306,https://climexp.knmi.nl/data/rrrr306.dat,rrrr306.data
075,Oldeholtpade,52.9,6.05,https://climexp.knmi.nl/getdutchrr.cgi?id=someone@somewhere&WMO=075,https://climexp.knmi.nl/data/rrrr075.dat,rrrr075.data
676,OLDENZAAL,-999.9,-999.9,https://climexp.knmi.nl/getdutchrr.cgi?id=someone@somewhere&WMO=676,https://climexp.knmi.nl/data/rrrr676.dat,rrrr676.data
691,OLDENZAALSCHE-VEEN-LONNEKER,-999.9,-999.9,https://climexp.knmi.nl/getdutchrr.cgi?id=someone@somewhere&WMO=691,https://climexp.knmi.nl/data/rrrr691.dat,rrrr691.data
158,Onnen,53.15,6.67,https://climexp.knmi.nl/getdutchrr.cgi?id=someone@somewhere&WMO=158,https://climexp.knmi.nl/data/rrrr158.dat,rrrr158.data
713,OOSTBURG,-999.9,-999.9,https://climexp.knmi.nl/getdutchrr.cgi?id=someone@somewhere&WMO=713,https://climexp.knmi.nl/data/rrrr713.dat,rrrr713.data
415,OOSTDIJK-BIJ-OUDDORP,-999.9,-999.9,https://climexp.knmi.nl/getdutchrr.cgi?id=someone@somewhere&WMO=415,https://climexp.knmi.nl/data/rrrr415.dat,rrrr415.data
315,OOSTENDORP,-999.9,-999.9,https://climexp.knmi.nl/getdutchrr.cgi?id=someone@somewhere&WMO=315,https://climexp.knmi.nl/data/rrrr315.dat,rrrr315.data
578,Oosterbeek,52,5.83,https://climexp.knmi.nl/getdutchrr.cgi?id=someone@somewhere&WMO=578,https://climexp.knmi.nl/data/rrrr578.dat,rrrr578.data
063,OOSTEREND-FR,-999.9,-999.9,https://climexp.knmi.nl/getdutchrr.cgi?id=someone@somewhere&WMO=063,https://climexp.knmi.nl/data/rrrr063.dat,rrrr063.data
833,Oosterhout,51.63,4.87,https://climexp.knmi.nl/getdutchrr.cgi?id=someone@somewhere&WMO=833,https://climexp.knmi.nl/data/rrrr833.dat,rrrr833.data
006,OOSTERLAND,-999.9,-999.9,https://climexp.knmi.nl/getdutchrr.cgi?id=someone@somewhere&WMO=006,https://climexp.knmi.nl/data/rrrr006.dat,rrrr006.data
253,OOSTHUIZEN-NH,-999.9,-999.9,https://climexp.knmi.nl/getdutchrr.cgi?id=someone@somewhere&WMO=253,https://climexp.knmi.nl/data/rrrr253.dat,rrrr253.data
707,OOSTKAPELLE,-999.9,-999.9,https://climexp.knmi.nl/getdutchrr.cgi?id=someone@somewhere&WMO=707,https://climexp.knmi.nl/data/rrrr707.dat,rrrr707.data
981,Oost Maarland,50.78,5.7,https://climexp.knmi.nl/getdutchrr.cgi?id=someone@somewhere&WMO=981,https://climexp.knmi.nl/data/rrrr981.dat,rrrr981.data
001,OOSTMAHORN,-999.9,-999.9,https://climexp.knmi.nl/getdutchrr.cgi?id=someone@somewhere&WMO=001,https://climexp.knmi.nl/data/rrrr001.dat,rrrr001.data
367,OOSTVAARDERSDIEP,-999.9,-999.9,https://climexp.knmi.nl/getdutchrr.cgi?id=someone@somewhere&WMO=367,https://climexp.knmi.nl/data/rrrr367.dat,rrrr367.data
015,Oost Vlieland,53.28,5.07,https://climexp.knmi.nl/getdutchrr.cgi?id=someone@somewhere&WMO=015,https://climexp.knmi.nl/data/rrrr015.dat,rrrr015.data
456,Oostvoorne,51.9,4.08,https://climexp.knmi.nl/getdutchrr.cgi?id=someone@somewhere&WMO=456,https://climexp.knmi.nl/data/rrrr456.dat,rrrr456.data
552,ORANJE-NASSAUS-OORD-RENK,-999.9,-999.9,https://climexp.knmi.nl/getdutchrr.cgi?id=someone@somewhere&WMO=552,https://climexp.knmi.nl/data/rrrr552.dat,rrrr552.data
058,ORANJEWOUD,-999.9,-999.9,https://climexp.knmi.nl/getdutchrr.cgi?id=someone@somewhere&WMO=058,https://climexp.knmi.nl/data/rrrr058.dat,rrrr058.data
880,OSPEL,-999.9,-999.9,https://climexp.knmi.nl/getdutchrr.cgi?id=someone@somewhere&WMO=880,https://climexp.knmi.nl/data/rrrr880.dat,rrrr880.data
914,Oss,51.75,5.53,https://climexp.knmi.nl/getdutchrr.cgi?id=someone@somewhere&WMO=914,https://climexp.knmi.nl/data/rrrr914.dat,rrrr914.data
724,OSSENISSE,-999.9,-999.9,https://climexp.knmi.nl/getdutchrr.cgi?id=someone@somewhere&WMO=724,https://climexp.knmi.nl/data/rrrr724.dat,rrrr724.data
130,OTERDUM,-999.9,-999.9,https://climexp.knmi.nl/getdutchrr.cgi?id=someone@somewhere&WMO=130,https://climexp.knmi.nl/data/rrrr130.dat,rrrr130.data
429,OUD-ADE,-999.9,-999.9,https://climexp.knmi.nl/getdutchrr.cgi?id=someone@somewhere&WMO=429,https://climexp.knmi.nl/data/rrrr429.dat,rrrr429.data
465,Oud Alblas,51.85,4.68,https://climexp.knmi.nl/getdutchrr.cgi?id=someone@somewhere&WMO=465,https://climexp.knmi.nl/data/rrrr465.dat,rrrr465.data
419,OUD-BEIJERLAND,-999.9,-999.9,https://climexp.knmi.nl/getdutchrr.cgi?id=someone@somewhere&WMO=419,https://climexp.knmi.nl/data/rrrr419.dat,rrrr419.data
471,Ouddorp,51.82,3.88,https://climexp.knmi.nl/getdutchrr.cgi?id=someone@somewhere&WMO=471,https://climexp.knmi.nl/data/rrrr471.dat,rrrr471.data
070,Oudemirdum,52.85,5.5,https://climexp.knmi.nl/getdutchrr.cgi?id=someone@somewhere&WMO=070,https://climexp.knmi.nl/data/rrrr070.dat,rrrr070.data
828,Oudenbosch,51.57,4.52,https://climexp.knmi.nl/getdutchrr.cgi?id=someone@somewhere&WMO=828,https://climexp.knmi.nl/data/rrrr828.dat,rrrr828.data
420,OUDENHOORN,-999.9,-999.9,https://climexp.knmi.nl/getdutchrr.cgi?id=someone@somewhere&WMO=420,https://climexp.knmi.nl/data/rrrr420.dat,rrrr420.data
047,OUDESCHOOT,-999.9,-999.9,https://climexp.knmi.nl/getdutchrr.cgi?id=someone@somewhere&WMO=047,https://climexp.knmi.nl/data/rrrr047.dat,rrrr047.data
816,OUD-HEUSDEN,-999.9,-999.9,https://climexp.knmi.nl/getdutchrr.cgi?id=someone@somewhere&WMO=816,https://climexp.knmi.nl/data/rrrr816.dat,rrrr816.data
197,OUDORP,-999.9,-999.9,https://climexp.knmi.nl/getdutchrr.cgi?id=someone@somewhere&WMO=197,https://climexp.knmi.nl/data/rrrr197.dat,rrrr197.data
225,Overveen,52.38,4.58,https://climexp.knmi.nl/getdutchrr.cgi?id=someone@somewhere&WMO=225,https://climexp.knmi.nl/data/rrrr225.dat,rrrr225.data
754,Ovezande,51.42,3.82,https://climexp.knmi.nl/getdutchrr.cgi?id=someone@somewhere&WMO=754,https://climexp.knmi.nl/data/rrrr754.dat,rrrr754.data
723,O.-W.-SOUBURG,-999.9,-999.9,https://climexp.knmi.nl/getdutchrr.cgi?id=someone@somewhere&WMO=723,https://climexp.knmi.nl/data/rrrr723.dat,rrrr723.data
016,Petten,52.75,4.65,https://climexp.knmi.nl/getdutchrr.cgi?id=someone@somewhere&WMO=016,https://climexp.knmi.nl/data/rrrr016.dat,rrrr016.data
761,Philippine,51.28,3.73,https://climexp.knmi.nl/getdutchrr.cgi?id=someone@somewhere&WMO=761,https://climexp.knmi.nl/data/rrrr761.dat,rrrr761.data
467,Poortugaal,51.85,4.38,https://climexp.knmi.nl/getdutchrr.cgi?id=someone@somewhere&WMO=467,https://climexp.knmi.nl/data/rrrr467.dat,rrrr467.data
728,POORTVLIET,-999.9,-999.9,https://climexp.knmi.nl/getdutchrr.cgi?id=someone@somewhere&WMO=728,https://climexp.knmi.nl/data/rrrr728.dat,rrrr728.data
242,Purmerend,52.5,4.95,https://climexp.knmi.nl/getdutchrr.cgi?id=someone@somewhere&WMO=242,https://climexp.knmi.nl/data/rrrr242.dat,rrrr242.data
542,Putten (Gld),52.23,5.6,https://climexp.knmi.nl/getdutchrr.cgi?id=someone@somewhere&WMO=542,https://climexp.knmi.nl/data/rrrr542.dat,rrrr542.data
324,RAMSPOL,-999.9,-999.9,https://climexp.knmi.nl/getdutchrr.cgi?id=someone@somewhere&WMO=324,https://climexp.knmi.nl/data/rrrr324.dat,rrrr324.data
473,R'dam-Waalhaven,51.88,4.42,https://climexp.knmi.nl/getdutchrr.cgi?id=someone@somewhere&WMO=473,https://climexp.knmi.nl/data/rrrr473.dat,rrrr473.data
445,RDAM-WESTERKADE,-999.9,-999.9,https://climexp.knmi.nl/getdutchrr.cgi?id=someone@somewhere&WMO=445,https://climexp.knmi.nl/data/rrrr445.dat,rrrr445.data
674,Rekken,52.08,6.72,https://climexp.knmi.nl/getdutchrr.cgi?id=someone@somewhere&WMO=674,https://climexp.knmi.nl/data/rrrr674.dat,rrrr674.data
977,REUVER,-999.9,-999.9,https://climexp.knmi.nl/getdutchrr.cgi?id=someone@somewhere&WMO=977,https://climexp.knmi.nl/data/rrrr977.dat,rrrr977.data
339,Rheezerveen,52.55,6.55,https://climexp.knmi.nl/getdutchrr.cgi?id=someone@somewhere&WMO=339,https://climexp.knmi.nl/data/rrrr339.dat,rrrr339.data
662,RIJSSEN,-999.9,-999.9,https://climexp.knmi.nl/getdutchrr.cgi?id=someone@somewhere&WMO=662,https://climexp.knmi.nl/data/rrrr662.dat,rrrr662.data
551,RIJSWIJK-GLD,-999.9,-999.9,https://climexp.knmi.nl/getdutchrr.cgi?id=someone@somewhere&WMO=551,https://climexp.knmi.nl/data/rrrr551.dat,rrrr551.data
421,RIJSWIJK-ZH,-999.9,-999.9,https://climexp.knmi.nl/getdutchrr.cgi?id=someone@somewhere&WMO=421,https://climexp.knmi.nl/data/rrrr421.dat,rrrr421.data
750,Rilland,51.42,4.17,https://climexp.knmi.nl/getdutchrr.cgi?id=someone@somewhere&WMO=750,https://climexp.knmi.nl/data/rrrr750.dat,rrrr750.data
733,Ritthem,51.45,3.6,https://climexp.knmi.nl/getdutchrr.cgi?id=someone@somewhere&WMO=733,https://climexp.knmi.nl/data/rrrr733.dat,rrrr733.data
424,ROCKANJE,-999.9,-999.9,https://climexp.knmi.nl/getdutchrr.cgi?id=someone@somewhere&WMO=424,https://climexp.knmi.nl/data/rrrr424.dat,rrrr424.data
163,Roden,53.15,6.42,https://climexp.knmi.nl/getdutchrr.cgi?id=someone@somewhere&WMO=163,https://climexp.knmi.nl/data/rrrr163.dat,rrrr163.data
439,Roelofarendsveen,52.2,4.62,https://climexp.knmi.nl/getdutchrr.cgi?id=someone@somewhere&WMO=439,https://climexp.knmi.nl/data/rrrr439.dat,rrrr439.data
961,Roermond,51.18,5.95,https://climexp.knmi.nl/getdutchrr.cgi?id=someone@somewhere&WMO=961,https://climexp.knmi.nl/data/rrrr961.dat,rrrr961.data
151,Roodeschool,53.43,6.78,https://climexp.knmi.nl/getdutchrr.cgi?id=someone@somewhere&WMO=151,https://climexp.knmi.nl/data/rrrr151.dat,rrrr151.data
476,ROTTERDAM,-999.9,-999.9,https://climexp.knmi.nl/getdutchrr.cgi?id=someone@somewhere&WMO=476,https://climexp.knmi.nl/data/rrrr476.dat,rrrr476.data
430,ROTTERDAM-DIERGAARDE-BLIJDORP,-999.9,-999.9,https://climexp.knmi.nl/getdutchrr.cgi?id=someone@somewhere&WMO=430,https://climexp.knmi.nl/data/rrrr430.dat,rrrr430.data
457,ROTTERDAM-KEILEHAVEN,-999.9,-999.9,https://climexp.knmi.nl/getdutchrr.cgi?id=someone@somewhere&WMO=457,https://climexp.knmi.nl/data/rrrr457.dat,rrrr457.data
059,ROTTUM-FR,-999.9,-999.9,https://climexp.knmi.nl/getdutchrr.cgi?id=someone@somewhere&WMO=059,https://climexp.knmi.nl/data/rrrr059.dat,rrrr059.data
358,Rouveen,52.6,6.18,https://climexp.knmi.nl/getdutchrr.cgi?id=someone@somewhere&WMO=358,https://climexp.knmi.nl/data/rrrr358.dat,rrrr358.data
292,RUINEN,-999.9,-999.9,https://climexp.knmi.nl/getdutchrr.cgi?id=someone@somewhere&WMO=292,https://climexp.knmi.nl/data/rrrr292.dat,rrrr292.data
362,Ruinerwold,52.72,6.23,https://climexp.knmi.nl/getdutchrr.cgi?id=someone@somewhere&WMO=362,https://climexp.knmi.nl/data/rrrr362.dat,rrrr362.data
148,Sappemeer,53.15,6.73,https://climexp.knmi.nl/getdutchrr.cgi?id=someone@somewhere&WMO=148,https://climexp.knmi.nl/data/rrrr148.dat,rrrr148.data
436,SASSENHEIM,-999.9,-999.9,https://climexp.knmi.nl/getdutchrr.cgi?id=someone@somewhere&WMO=436,https://climexp.knmi.nl/data/rrrr436.dat,rrrr436.data
536,SCHAARSBERGEN,-999.9,-999.9,https://climexp.knmi.nl/getdutchrr.cgi?id=someone@somewhere&WMO=536,https://climexp.knmi.nl/data/rrrr536.dat,rrrr536.data
965,Schaesberg,50.88,6.02,https://climexp.knmi.nl/getdutchrr.cgi?id=someone@somewhere&WMO=965,https://climexp.knmi.nl/data/rrrr965.dat,rrrr965.data
228,Schagen,52.78,4.8,https://climexp.knmi.nl/getdutchrr.cgi?id=someone@somewhere&WMO=228,https://climexp.knmi.nl/data/rrrr228.dat,rrrr228.data
133,SCHEEMDA,-999.9,-999.9,https://climexp.knmi.nl/getdutchrr.cgi?id=someone@somewhere&WMO=133,https://climexp.knmi.nl/data/rrrr133.dat,rrrr133.data
223,Schellingwoude,52.38,4.98,https://climexp.knmi.nl/getdutchrr.cgi?id=someone@somewhere&WMO=223,https://climexp.knmi.nl/data/rrrr223.dat,rrrr223.data
244,SCHERMERHORN,-999.9,-999.9,https://climexp.knmi.nl/getdutchrr.cgi?id=someone@somewhere&WMO=244,https://climexp.knmi.nl/data/rrrr244.dat,rrrr244.data
440,Scheveningen,52.1,4.3,https://climexp.knmi.nl/getdutchrr.cgi?id=someone@somewhere&WMO=440,https://climexp.knmi.nl/data/rrrr440.dat,rrrr440.data
012,Schiermonnikoog,53.47,6.18,https://climexp.knmi.nl/getdutchrr.cgi?id=someone@somewhere&WMO=012,https://climexp.knmi.nl/data/rrrr012.dat,rrrr012.data
966,Schinnen,50.93,5.87,https://climexp.knmi.nl/getdutchrr.cgi?id=someone@somewhere&WMO=966,https://climexp.knmi.nl/data/rrrr966.dat,rrrr966.data
982,Schinveld,50.97,5.97,https://climexp.knmi.nl/getdutchrr.cgi?id=someone@somewhere&WMO=982,https://climexp.knmi.nl/data/rrrr982.dat,rrrr982.data
475,SCHIPHOL,-999.9,-999.9,https://climexp.knmi.nl/getdutchrr.cgi?id=someone@somewhere&WMO=475,https://climexp.knmi.nl/data/rrrr475.dat,rrrr475.data
308,SCHOKLAND,-999.9,-999.9,https://climexp.knmi.nl/getdutchrr.cgi?id=someone@somewhere&WMO=308,https://climexp.knmi.nl/data/rrrr308.dat,rrrr308.data
762,Schoondijke,51.35,3.55,https://climexp.knmi.nl/getdutchrr.cgi?id=someone@somewhere&WMO=762,https://climexp.knmi.nl/data/rrrr762.dat,rrrr762.data
343,Schoonebeek,52.67,6.9,https://climexp.knmi.nl/getdutchrr.cgi?id=someone@somewhere&WMO=343,https://climexp.knmi.nl/data/rrrr343.dat,rrrr343.data
337,Schoonlo,52.9,6.7,https://climexp.knmi.nl/getdutchrr.cgi?id=someone@somewhere&WMO=337,https://climexp.knmi.nl/data/rrrr337.dat,rrrr337.data
003,SCHOORL,-999.9,-999.9,https://climexp.knmi.nl/getdutchrr.cgi?id=someone@somewhere&WMO=003,https://climexp.knmi.nl/data/rrrr003.dat,rrrr003.data
773,SCHOUWEN,-999.9,-999.9,https://climexp.knmi.nl/getdutchrr.cgi?id=someone@somewhere&WMO=773,https://climexp.knmi.nl/data/rrrr773.dat,rrrr773.data
883,Sevenum,51.38,6.02,https://climexp.knmi.nl/getdutchrr.cgi?id=someone@somewhere&WMO=883,https://climexp.knmi.nl/data/rrrr883.dat,rrrr883.data
518,S-GRAVELAND,-999.9,-999.9,https://climexp.knmi.nl/getdutchrr.cgi?id=someone@somewhere&WMO=518,https://climexp.knmi.nl/data/rrrr518.dat,rrrr518.data
314,S-HEERENBROEK,-999.9,-999.9,https://climexp.knmi.nl/getdutchrr.cgi?id=someone@somewhere&WMO=314,https://climexp.knmi.nl/data/rrrr314.dat,rrrr314.data
872,S-HERTOGENBOSCH,-999.9,-999.9,https://climexp.knmi.nl/getdutchrr.cgi?id=someone@somewhere&WMO=872,https://climexp.knmi.nl/data/rrrr872.dat,rrrr872.data
922,Siebengewald,51.65,6.08,https://climexp.knmi.nl/getdutchrr.cgi?id=someone@somewhere&WMO=922,https://climexp.knmi.nl/data/rrrr922.dat,rrrr922.data
043,SINT-JACOBIPAROCHIE,-999.9,-999.9,https://climexp.knmi.nl/getdutchrr.cgi?id=someone@somewhere&WMO=043,https://climexp.knmi.nl/data/rrrr043.dat,rrrr043.data
748,SINT-JANSTEEN,-999.9,-999.9,https://climexp.knmi.nl/getdutchrr.cgi?id=someone@somewhere&WMO=748,https://climexp.knmi.nl/data/rrrr748.dat,rrrr748.data
955,SITTARD,-999.9,-999.9,https://climexp.knmi.nl/getdutchrr.cgi?id=someone@somewhere&WMO=955,https://climexp.knmi.nl/data/rrrr955.dat,rrrr955.data
061,Skrins,53.12,5.63,https://climexp.knmi.nl/getdutchrr.cgi?id=someone@somewhere&WMO=061,https://climexp.knmi.nl/data/rrrr061.dat,rrrr061.data
815,SLEEUWIJK,-999.9,-999.9,https://climexp.knmi.nl/getdutchrr.cgi?id=someone@somewhere&WMO=815,https://climexp.knmi.nl/data/rrrr815.dat,rrrr815.data
511,SLIJK-EWIJK,-999.9,-999.9,https://climexp.knmi.nl/getdutchrr.cgi?id=someone@somewhere&WMO=511,https://climexp.knmi.nl/data/rrrr511.dat,rrrr511.data
714,SLUIS,-999.9,-999.9,https://climexp.knmi.nl/getdutchrr.cgi?id=someone@somewhere&WMO=714,https://climexp.knmi.nl/data/rrrr714.dat,rrrr714.data
064,Sneek,53.02,5.63,https://climexp.knmi.nl/getdutchrr.cgi?id=someone@somewhere&WMO=064,https://climexp.knmi.nl/data/rrrr064.dat,rrrr064.data
595,Soest,52.15,5.32,https://climexp.knmi.nl/getdutchrr.cgi?id=someone@somewhere&WMO=595,https://climexp.knmi.nl/data/rrrr595.dat,rrrr595.data
590,SOESTERBERG,-999.9,-999.9,https://climexp.knmi.nl/getdutchrr.cgi?id=someone@somewhere&WMO=590,https://climexp.knmi.nl/data/rrrr590.dat,rrrr590.data
904,Someren,51.38,5.68,https://climexp.knmi.nl/getdutchrr.cgi?id=someone@somewhere&WMO=904,https://climexp.knmi.nl/data/rrrr904.dat,rrrr904.data
893,SON,-999.9,-999.9,https://climexp.knmi.nl/getdutchrr.cgi?id=someone@somewhere&WMO=893,https://climexp.knmi.nl/data/rrrr893.dat,rrrr893.data
576,Spakenburg,52.25,5.38,https://climexp.knmi.nl/getdutchrr.cgi?id=someone@somewhere&WMO=576,https://climexp.knmi.nl/data/rrrr576.dat,rrrr576.data
422,SPIJKENISSE,-999.9,-999.9,https://climexp.knmi.nl/getdutchrr.cgi?id=someone@somewhere&WMO=422,https://climexp.knmi.nl/data/rrrr422.dat,rrrr422.data
168,SPIJK-GR,-999.9,-999.9,https://climexp.knmi.nl/getdutchrr.cgi?id=someone@somewhere&WMO=168,https://climexp.knmi.nl/data/rrrr168.dat,rrrr168.data
759,ST-ANNALAND,-999.9,-999.9,https://climexp.knmi.nl/getdutchrr.cgi?id=someone@somewhere&WMO=759,https://climexp.knmi.nl/data/rrrr759.dat,rrrr759.data
068,St Anna Parochie,53.27,5.65,https://climexp.knmi.nl/getdutchrr.cgi?id=someone@somewhere&WMO=068,https://climexp.knmi.nl/data/rrrr068.dat,rrrr068.data
905,St Anthonis,51.62,5.88,https://climexp.knmi.nl/getdutchrr.cgi?id=someone@somewhere&WMO=905,https://climexp.knmi.nl/data/rrrr905.dat,rrrr905.data
309,STAPHORST,-999.9,-999.9,https://climexp.knmi.nl/getdutchrr.cgi?id=someone@somewhere&WMO=309,https://climexp.knmi.nl/data/rrrr309.dat,rrrr309.data
741,Stavenisse,51.58,4.02,https://climexp.knmi.nl/getdutchrr.cgi?id=someone@somewhere&WMO=741,https://climexp.knmi.nl/data/rrrr741.dat,rrrr741.data
080,Stavoren,52.88,5.35,https://climexp.knmi.nl/getdutchrr.cgi?id=someone@somewhere&WMO=080,https://climexp.knmi.nl/data/rrrr080.dat,rrrr080.data
837,Steenbergen (Nb),51.58,4.32,https://climexp.knmi.nl/getdutchrr.cgi?id=someone@somewhere&WMO=837,https://climexp.knmi.nl/data/rrrr837.dat,rrrr837.data
298,Steenwijksmoer,52.65,6.67,https://climexp.knmi.nl/getdutchrr.cgi?id=someone@somewhere&WMO=298,https://climexp.knmi.nl/data/rrrr298.dat,rrrr298.data
969,Stein (L),50.95,5.75,https://climexp.knmi.nl/getdutchrr.cgi?id=someone@somewhere&WMO=969,https://climexp.knmi.nl/data/rrrr969.dat,rrrr969.data
740,St Kruis,51.27,3.48,https://climexp.knmi.nl/getdutchrr.cgi?id=someone@somewhere&WMO=740,https://climexp.knmi.nl/data/rrrr740.dat,rrrr740.data
970,Stramproy,51.18,5.72,https://climexp.knmi.nl/getdutchrr.cgi?id=someone@somewhere&WMO=970,https://climexp.knmi.nl/data/rrrr970.dat,rrrr970.data
455,Strijen,51.75,4.58,https://climexp.knmi.nl/getdutchrr.cgi?id=someone@somewhere&WMO=455,https://climexp.knmi.nl/data/rrrr455.dat,rrrr455.data
954,SUSTEREN,-999.9,-999.9,https://climexp.knmi.nl/getdutchrr.cgi?id=someone@somewhere&WMO=954,https://climexp.knmi.nl/data/rrrr954.dat,rrrr954.data
365,Swifterbant,52.55,5.62,https://climexp.knmi.nl/getdutchrr.cgi?id=someone@somewhere&WMO=365,https://climexp.knmi.nl/data/rrrr365.dat,rrrr365.data
165,TEN-BOER,-999.9,-999.9,https://climexp.knmi.nl/getdutchrr.cgi?id=someone@somewhere&WMO=165,https://climexp.knmi.nl/data/rrrr165.dat,rrrr165.data
144,Ter Apel,52.87,7.07,https://climexp.knmi.nl/getdutchrr.cgi?id=someone@somewhere&WMO=144,https://climexp.knmi.nl/data/rrrr144.dat,rrrr144.data
646,TERBORG,-999.9,-999.9,https://climexp.knmi.nl/getdutchrr.cgi?id=someone@somewhere&WMO=646,https://climexp.knmi.nl/data/rrrr646.dat,rrrr646.data
050,TER-IDZARD,-999.9,-999.9,https://climexp.knmi.nl/getdutchrr.cgi?id=someone@somewhere&WMO=050,https://climexp.knmi.nl/data/rrrr050.dat,rrrr050.data
091,Ternaard,53.37,5.97,https://climexp.knmi.nl/getdutchrr.cgi?id=someone@somewhere&WMO=091,https://climexp.knmi.nl/data/rrrr091.dat,rrrr091.data
742,Terneuzen,51.3,3.85,https://climexp.knmi.nl/getdutchrr.cgi?id=someone@somewhere&WMO=742,https://climexp.knmi.nl/data/rrrr742.dat,rrrr742.data
023,TERSCHELLING,-999.9,-999.9,https://climexp.knmi.nl/getdutchrr.cgi?id=someone@somewhere&WMO=023,https://climexp.knmi.nl/data/rrrr023.dat,rrrr023.data
957,TERWINSELEN,-999.9,-999.9,https://climexp.knmi.nl/getdutchrr.cgi?id=someone@somewhere&WMO=957,https://climexp.knmi.nl/data/rrrr957.dat,rrrr957.data
820,TETERINGEN,-999.9,-999.9,https://climexp.knmi.nl/getdutchrr.cgi?id=someone@somewhere&WMO=820,https://climexp.knmi.nl/data/rrrr820.dat,rrrr820.data
007,TEXEL-WESTERMIENT,-999.9,-999.9,https://climexp.knmi.nl/getdutchrr.cgi?id=someone@somewhere&WMO=007,https://climexp.knmi.nl/data/rrrr007.dat,rrrr007.data
757,Tholen,51.52,4.2,https://climexp.knmi.nl/getdutchrr.cgi?id=someone@somewhere&WMO=757,https://climexp.knmi.nl/data/rrrr757.dat,rrrr757.data
562,Tiel,51.92,5.43,https://climexp.knmi.nl/getdutchrr.cgi?id=someone@somewhere&WMO=562,https://climexp.knmi.nl/data/rrrr562.dat,rrrr562.data
827,Tilburg,51.55,5.12,https://climexp.knmi.nl/getdutchrr.cgi?id=someone@somewhere&WMO=827,https://climexp.knmi.nl/data/rrrr827.dat,rrrr827.data
344,Tollebeek,52.67,5.62,https://climexp.knmi.nl/getdutchrr.cgi?id=someone@somewhere&WMO=344,https://climexp.knmi.nl/data/rrrr344.dat,rrrr344.data
361,Tubbergen,52.4,6.77,https://climexp.knmi.nl/getdutchrr.cgi?id=someone@somewhere&WMO=361,https://climexp.knmi.nl/data/rrrr361.dat,rrrr361.data
670,Twenthe,52.25,6.9,https://climexp.knmi.nl/getdutchrr.cgi?id=someone@somewhere&WMO=670,https://climexp.knmi.nl/data/rrrr670.dat,rrrr670.data
962,Ubachsberg,50.85,5.92,https://climexp.knmi.nl/getdutchrr.cgi?id=someone@somewhere&WMO=962,https://climexp.knmi.nl/data/rrrr962.dat,rrrr962.data
150,Uithuizen,53.37,6.67,https://climexp.knmi.nl/getdutchrr.cgi?id=someone@somewhere&WMO=150,https://climexp.knmi.nl/data/rrrr150.dat,rrrr150.data
167,UITHUIZERMEEDEN,-999.9,-999.9,https://climexp.knmi.nl/getdutchrr.cgi?id=someone@somewhere&WMO=167,https://climexp.knmi.nl/data/rrrr167.dat,rrrr167.data
157,ULRUM,-999.9,-999.9,https://climexp.knmi.nl/getdutchrr.cgi?id=someone@somewhere&WMO=157,https://climexp.knmi.nl/data/rrrr157.dat,rrrr157.data
307,URK,-999.9,-999.9,https://climexp.knmi.nl/getdutchrr.cgi?id=someone@somewhere&WMO=307,https://climexp.knmi.nl/data/rrrr307.dat,rrrr307.data
347,URK,-999.9,-999.9,https://climexp.knmi.nl/getdutchrr.cgi?id=someone@somewhere&WMO=347,https://climexp.knmi.nl/data/rrrr347.dat,rrrr347.data
311,URK-GEMAAL-VISSERING,-999.9,-999.9,https://climexp.knmi.nl/getdutchrr.cgi?id=someone@somewhere&WMO=311,https://climexp.knmi.nl/data/rrrr311.dat,rrrr311.data
540,UTRECHT,-999.9,-999.9,https://climexp.knmi.nl/getdutchrr.cgi?id=someone@somewhere&WMO=540,https://climexp.knmi.nl/data/rrrr540.dat,rrrr540.data
968,Vaals,50.77,6,https://climexp.knmi.nl/getdutchrr.cgi?id=someone@somewhere&WMO=968,https://climexp.knmi.nl/data/rrrr968.dat,rrrr968.data
510,Vaassen,52.27,5.97,https://climexp.knmi.nl/getdutchrr.cgi?id=someone@somewhere&WMO=510,https://climexp.knmi.nl/data/rrrr510.dat,rrrr510.data
474,Valkenburg,52.17,4.42,https://climexp.knmi.nl/getdutchrr.cgi?id=someone@somewhere&WMO=474,https://climexp.knmi.nl/data/rrrr474.dat,rrrr474.data
963,Valkenburg (L),50.85,5.83,https://climexp.knmi.nl/getdutchrr.cgi?id=someone@somewhere&WMO=963,https://climexp.knmi.nl/data/rrrr963.dat,rrrr963.data
647,VARSSEVELD,-999.9,-999.9,https://climexp.knmi.nl/getdutchrr.cgi?id=someone@somewhere&WMO=647,https://climexp.knmi.nl/data/rrrr647.dat,rrrr647.data
370,VASSE,-999.9,-999.9,https://climexp.knmi.nl/getdutchrr.cgi?id=someone@somewhere&WMO=370,https://climexp.knmi.nl/data/rrrr370.dat,rrrr370.data
147,Veendam,53.1,6.82,https://climexp.knmi.nl/getdutchrr.cgi?id=someone@somewhere&WMO=147,https://climexp.knmi.nl/data/rrrr147.dat,rrrr147.data
579,Veenendaal,52.02,5.58,https://climexp.knmi.nl/getdutchrr.cgi?id=someone@somewhere&WMO=579,https://climexp.knmi.nl/data/rrrr579.dat,rrrr579.data
160,Veenhuizen (D),53.05,6.38,https://climexp.knmi.nl/getdutchrr.cgi?id=someone@somewhere&WMO=160,https://climexp.knmi.nl/data/rrrr160.dat,rrrr160.data
882,VELDEN,-999.9,-999.9,https://climexp.knmi.nl/getdutchrr.cgi?id=someone@somewhere&WMO=882,https://climexp.knmi.nl/data/rrrr882.dat,rrrr882.data
886,VELDHOVEN,-999.9,-999.9,https://climexp.knmi.nl/getdutchrr.cgi?id=someone@somewhere&WMO=886,https://climexp.knmi.nl/data/rrrr886.dat,rrrr886.data
544,VELP,-999.9,-999.9,https://climexp.knmi.nl/getdutchrr.cgi?id=someone@somewhere&WMO=544,https://climexp.knmi.nl/data/rrrr544.dat,rrrr544.data
231,VELSEN,-999.9,-999.9,https://climexp.knmi.nl/getdutchrr.cgi?id=someone@somewhere&WMO=231,https://climexp.knmi.nl/data/rrrr231.dat,rrrr231.data
254,VELSEN,-999.9,-999.9,https://climexp.knmi.nl/getdutchrr.cgi?id=someone@somewhere&WMO=254,https://climexp.knmi.nl/data/rrrr254.dat,rrrr254.data
204,VENHUIZEN,-999.9,-999.9,https://climexp.knmi.nl/getdutchrr.cgi?id=someone@somewhere&WMO=204,https://climexp.knmi.nl/data/rrrr204.dat,rrrr204.data
897,Venlo,51.35,6.18,https://climexp.knmi.nl/getdutchrr.cgi?id=someone@somewhere&WMO=897,https://climexp.knmi.nl/data/rrrr897.dat,rrrr897.data
921,Venray,51.5,5.98,https://climexp.knmi.nl/getdutchrr.cgi?id=someone@somewhere&WMO=921,https://climexp.knmi.nl/data/rrrr921.dat,rrrr921.data
898,VENRAY-OUD,-999.9,-999.9,https://climexp.knmi.nl/getdutchrr.cgi?id=someone@somewhere&WMO=898,https://climexp.knmi.nl/data/rrrr898.dat,rrrr898.data
342,Vilsteren,52.52,6.35,https://climexp.knmi.nl/getdutchrr.cgi?id=someone@somewhere&WMO=342,https://climexp.knmi.nl/data/rrrr342.dat,rrrr342.data
414,VLAARDINGEN,-999.9,-999.9,https://climexp.knmi.nl/getdutchrr.cgi?id=someone@somewhere&WMO=414,https://climexp.knmi.nl/data/rrrr414.dat,rrrr414.data
156,Vlagtwedde,53.02,7.1,https://climexp.knmi.nl/getdutchrr.cgi?id=someone@somewhere&WMO=156,https://climexp.knmi.nl/data/rrrr156.dat,rrrr156.data
559,Vleuten,52.08,5,https://climexp.knmi.nl/getdutchrr.cgi?id=someone@somewhere&WMO=559,https://climexp.knmi.nl/data/rrrr559.dat,rrrr559.data
024,Vlieland,53.25,4.97,https://climexp.knmi.nl/getdutchrr.cgi?id=someone@somewhere&WMO=024,https://climexp.knmi.nl/data/rrrr024.dat,rrrr024.data
920,Volkel,51.65,5.7,https://climexp.knmi.nl/getdutchrr.cgi?id=someone@somewhere&WMO=920,https://climexp.knmi.nl/data/rrrr920.dat,rrrr920.data
427,VOORSCHOTEN,-999.9,-999.9,https://climexp.knmi.nl/getdutchrr.cgi?id=someone@somewhere&WMO=427,https://climexp.knmi.nl/data/rrrr427.dat,rrrr427.data
481,Voorschoten,52.12,4.42,https://climexp.knmi.nl/getdutchrr.cgi?id=someone@somewhere&WMO=481,https://climexp.knmi.nl/data/rrrr481.dat,rrrr481.data
565,Voorthuizen,52.17,5.6,https://climexp.knmi.nl/getdutchrr.cgi?id=someone@somewhere&WMO=565,https://climexp.knmi.nl/data/rrrr565.dat,rrrr565.data
345,Vroomshoop,52.43,6.57,https://climexp.knmi.nl/getdutchrr.cgi?id=someone@somewhere&WMO=345,https://climexp.knmi.nl/data/rrrr345.dat,rrrr345.data
751,Vrouwenpolder,51.58,3.58,https://climexp.knmi.nl/getdutchrr.cgi?id=someone@somewhere&WMO=751,https://climexp.knmi.nl/data/rrrr751.dat,rrrr751.data
884,VUGHT,-999.9,-999.9,https://climexp.knmi.nl/getdutchrr.cgi?id=someone@somewhere&WMO=884,https://climexp.knmi.nl/data/rrrr884.dat,rrrr884.data
926,Waalre,51.37,5.43,https://climexp.knmi.nl/getdutchrr.cgi?id=someone@somewhere&WMO=926,https://climexp.knmi.nl/data/rrrr926.dat,rrrr926.data
818,WAALWIJK,-999.9,-999.9,https://climexp.knmi.nl/getdutchrr.cgi?id=someone@somewhere&WMO=818,https://climexp.knmi.nl/data/rrrr818.dat,rrrr818.data
220,WAARLAND-NH,-999.9,-999.9,https://climexp.knmi.nl/getdutchrr.cgi?id=someone@somewhere&WMO=220,https://climexp.knmi.nl/data/rrrr220.dat,rrrr220.data
545,WAGENINGEN,-999.9,-999.9,https://climexp.knmi.nl/getdutchrr.cgi?id=someone@somewhere&WMO=545,https://climexp.knmi.nl/data/rrrr545.dat,rrrr545.data
577,WAGENINGEN,-999.9,-999.9,https://climexp.knmi.nl/getdutchrr.cgi?id=someone@somewhere&WMO=577,https://climexp.knmi.nl/data/rrrr577.dat,rrrr577.data
575,WAGENINGEN-HAARWEG,-999.9,-999.9,https://climexp.knmi.nl/getdutchrr.cgi?id=someone@somewhere&WMO=575,https://climexp.knmi.nl/data/rrrr575.dat,rrrr575.data
583,Wageningen (Pd),51.97,5.63,https://climexp.knmi.nl/getdutchrr.cgi?id=someone@somewhere&WMO=583,https://climexp.knmi.nl/data/rrrr583.dat,rrrr583.data
329,Wapenveld,52.43,6.08,https://climexp.knmi.nl/getdutchrr.cgi?id=someone@somewhere&WMO=329,https://climexp.knmi.nl/data/rrrr329.dat,rrrr329.data
142,Warffum,53.38,6.55,https://climexp.knmi.nl/getdutchrr.cgi?id=someone@somewhere&WMO=142,https://climexp.knmi.nl/data/rrrr142.dat,rrrr142.data
657,WARNSVELD,-999.9,-999.9,https://climexp.knmi.nl/getdutchrr.cgi?id=someone@somewhere&WMO=657,https://climexp.knmi.nl/data/rrrr657.dat,rrrr657.data
466,WASSENAAR,-999.9,-999.9,https://climexp.knmi.nl/getdutchrr.cgi?id=someone@somewhere&WMO=466,https://climexp.knmi.nl/data/rrrr466.dat,rrrr466.data
452,WASSENAAR-WEST,-999.9,-999.9,https://climexp.knmi.nl/getdutchrr.cgi?id=someone@somewhere&WMO=452,https://climexp.knmi.nl/data/rrrr452.dat,rrrr452.data
675,Weerselo,52.35,6.87,https://climexp.knmi.nl/getdutchrr.cgi?id=someone@somewhere&WMO=675,https://climexp.knmi.nl/data/rrrr675.dat,rrrr675.data
964,Weert,51.25,5.68,https://climexp.knmi.nl/getdutchrr.cgi?id=someone@somewhere&WMO=964,https://climexp.knmi.nl/data/rrrr964.dat,rrrr964.data
563,Weesp,52.3,5.03,https://climexp.knmi.nl/getdutchrr.cgi?id=someone@somewhere&WMO=563,https://climexp.knmi.nl/data/rrrr563.dat,rrrr563.data
651,WEHL,-999.9,-999.9,https://climexp.knmi.nl/getdutchrr.cgi?id=someone@somewhere&WMO=651,https://climexp.knmi.nl/data/rrrr651.dat,rrrr651.data
718,WEMELDINGE,-999.9,-999.9,https://climexp.knmi.nl/getdutchrr.cgi?id=someone@somewhere&WMO=718,https://climexp.knmi.nl/data/rrrr718.dat,rrrr718.data
293,WENUM-BIJ-APELDOORN,-999.9,-999.9,https://climexp.knmi.nl/getdutchrr.cgi?id=someone@somewhere&WMO=293,https://climexp.knmi.nl/data/rrrr293.dat,rrrr293.data
819,WERKENDAM,-999.9,-999.9,https://climexp.knmi.nl/getdutchrr.cgi?id=someone@somewhere&WMO=819,https://climexp.knmi.nl/data/rrrr819.dat,rrrr819.data
251,West Beemster,52.57,4.9,https://climexp.knmi.nl/getdutchrr.cgi?id=someone@somewhere&WMO=251,https://climexp.knmi.nl/data/rrrr251.dat,rrrr251.data
770,Westdorpe,51.22,3.85,https://climexp.knmi.nl/getdutchrr.cgi?id=someone@somewhere&WMO=770,https://climexp.knmi.nl/data/rrrr770.dat,rrrr770.data
719,WESTERSCHOUWEN,-999.9,-999.9,https://climexp.knmi.nl/getdutchrr.cgi?id=someone@somewhere&WMO=719,https://climexp.knmi.nl/data/rrrr719.dat,rrrr719.data
213,WESTFRIESESLUIS,-999.9,-999.9,https://climexp.knmi.nl/getdutchrr.cgi?id=someone@somewhere&WMO=213,https://climexp.knmi.nl/data/rrrr213.dat,rrrr213.data
746,Westkapelle,51.52,3.43,https://climexp.knmi.nl/getdutchrr.cgi?id=someone@somewhere&WMO=746,https://climexp.knmi.nl/data/rrrr746.dat,rrrr746.data
011,West Terschelling,53.37,5.22,https://climexp.knmi.nl/getdutchrr.cgi?id=someone@somewhere&WMO=011,https://climexp.knmi.nl/data/rrrr011.dat,rrrr011.data
216,WIERINGEN,-999.9,-999.9,https://climexp.knmi.nl/getdutchrr.cgi?id=someone@somewhere&WMO=216,https://climexp.knmi.nl/data/rrrr216.dat,rrrr216.data
211,WIERINGERMEER-KAVEL-A69,-999.9,-999.9,https://climexp.knmi.nl/getdutchrr.cgi?id=someone@somewhere&WMO=211,https://climexp.knmi.nl/data/rrrr211.dat,rrrr211.data
215,WIERINGERMEER-KAVEL-B42,-999.9,-999.9,https://climexp.knmi.nl/getdutchrr.cgi?id=someone@somewhere&WMO=215,https://climexp.knmi.nl/data/rrrr215.dat,rrrr215.data
214,WIERINGERMEER-KAVEL-F28,-999.9,-999.9,https://climexp.knmi.nl/getdutchrr.cgi?id=someone@somewhere&WMO=214,https://climexp.knmi.nl/data/rrrr214.dat,rrrr214.data
237,WIERINGERWERF,-999.9,-999.9,https://climexp.knmi.nl/getdutchrr.cgi?id=someone@somewhere&WMO=237,https://climexp.knmi.nl/data/rrrr237.dat,rrrr237.data
088,WIERUM,-999.9,-999.9,https://climexp.knmi.nl/getdutchrr.cgi?id=someone@somewhere&WMO=088,https://climexp.knmi.nl/data/rrrr088.dat,rrrr088.data
226,Wijk aan Zee,52.48,4.6,https://climexp.knmi.nl/getdutchrr.cgi?id=someone@somewhere&WMO=226,https://climexp.knmi.nl/data/rrrr226.dat,rrrr226.data
523,Wijk bij Duurstede,51.97,5.32,https://climexp.knmi.nl/getdutchrr.cgi?id=someone@somewhere&WMO=523,https://climexp.knmi.nl/data/rrrr523.dat,rrrr523.data
305,WIJSTER,-999.9,-999.9,https://climexp.knmi.nl/getdutchrr.cgi?id=someone@somewhere&WMO=305,https://climexp.knmi.nl/data/rrrr305.dat,rrrr305.data
126,WILDERVANK,-999.9,-999.9,https://climexp.knmi.nl/getdutchrr.cgi?id=someone@somewhere&WMO=126,https://climexp.knmi.nl/data/rrrr126.dat,rrrr126.data
749,Wilhelminadorp,51.52,3.88,https://climexp.knmi.nl/getdutchrr.cgi?id=someone@somewhere&WMO=749,https://climexp.knmi.nl/data/rrrr749.dat,rrrr749.data
842,WILLEMSTAD,-999.9,-999.9,https://climexp.knmi.nl/getdutchrr.cgi?id=someone@somewhere&WMO=842,https://climexp.knmi.nl/data/rrrr842.dat,rrrr842.data
153,Winschoten,53.13,7.03,https://climexp.knmi.nl/getdutchrr.cgi?id=someone@somewhere&WMO=153,https://climexp.knmi.nl/data/rrrr153.dat,rrrr153.data
666,Winterswijk (Sibinkweg),51.95,6.67,https://climexp.knmi.nl/getdutchrr.cgi?id=someone@somewhere&WMO=666,https://climexp.knmi.nl/data/rrrr666.dat,rrrr666.data
071,WITMARSUM,-999.9,-999.9,https://climexp.knmi.nl/getdutchrr.cgi?id=someone@somewhere&WMO=071,https://climexp.knmi.nl/data/rrrr071.dat,rrrr071.data
357,WITTEVEEN,-999.9,-999.9,https://climexp.knmi.nl/getdutchrr.cgi?id=someone@somewhere&WMO=357,https://climexp.knmi.nl/data/rrrr357.dat,rrrr357.data
821,WOENSDRECHT,-999.9,-999.9,https://climexp.knmi.nl/getdutchrr.cgi?id=someone@somewhere&WMO=821,https://climexp.knmi.nl/data/rrrr821.dat,rrrr821.data
534,WOESTE-HOEVE,-999.9,-999.9,https://climexp.knmi.nl/getdutchrr.cgi?id=someone@somewhere&WMO=534,https://climexp.knmi.nl/data/rrrr534.dat,rrrr534.data
758,Wolphaartsdijk,51.53,3.73,https://climexp.knmi.nl/getdutchrr.cgi?id=someone@somewhere&WMO=758,https://climexp.knmi.nl/data/rrrr758.dat,rrrr758.data
135,Woltersum,53.27,6.72,https://climexp.knmi.nl/getdutchrr.cgi?id=someone@somewhere&WMO=135,https://climexp.knmi.nl/data/rrrr135.dat,rrrr135.data
686,Woold,51.92,6.73,https://climexp.knmi.nl/getdutchrr.cgi?id=someone@somewhere&WMO=686,https://climexp.knmi.nl/data/rrrr686.dat,rrrr686.data
042,WORKUM,-999.9,-999.9,https://climexp.knmi.nl/getdutchrr.cgi?id=someone@somewhere&WMO=042,https://climexp.knmi.nl/data/rrrr042.dat,rrrr042.data
248,WORMER,-999.9,-999.9,https://climexp.knmi.nl/getdutchrr.cgi?id=someone@somewhere&WMO=248,https://climexp.knmi.nl/data/rrrr248.dat,rrrr248.data
546,Woudenberg,52.08,5.45,https://climexp.knmi.nl/getdutchrr.cgi?id=someone@somewhere&WMO=546,https://climexp.knmi.nl/data/rrrr546.dat,rrrr546.data
195,ZAANDAM,-999.9,-999.9,https://climexp.knmi.nl/getdutchrr.cgi?id=someone@somewhere&WMO=195,https://climexp.knmi.nl/data/rrrr195.dat,rrrr195.data
198,ZAANDAM,-999.9,-999.9,https://climexp.knmi.nl/getdutchrr.cgi?id=someone@somewhere&WMO=198,https://climexp.knmi.nl/data/rrrr198.dat,rrrr198.data
233,Zaandam (Hembrug),52.42,4.82,https://climexp.knmi.nl/getdutchrr.cgi?id=someone@somewhere&WMO=233,https://climexp.knmi.nl/data/rrrr233.dat,rrrr233.data
230,Zaandijk,52.47,4.8,https://climexp.knmi.nl/getdutchrr.cgi?id=someone@somewhere&WMO=230,https://climexp.knmi.nl/data/rrrr230.dat,rrrr230.data
325,ZALK,-999.9,-999.9,https://climexp.knmi.nl/getdutchrr.cgi?id=someone@somewhere&WMO=325,https://climexp.knmi.nl/data/rrrr325.dat,rrrr325.data
917,Zaltbommel,51.78,5.27,https://climexp.knmi.nl/getdutchrr.cgi?id=someone@somewhere&WMO=917,https://climexp.knmi.nl/data/rrrr917.dat,rrrr917.data
229,Zandvoort,52.33,4.5,https://climexp.knmi.nl/getdutchrr.cgi?id=someone@somewhere&WMO=229,https://climexp.knmi.nl/data/rrrr229.dat,rrrr229.data
164,Zeerijp,53.33,6.75,https://climexp.knmi.nl/getdutchrr.cgi?id=someone@somewhere&WMO=164,https://climexp.knmi.nl/data/rrrr164.dat,rrrr164.data
772,ZEEUWSCHE-STROOMEN,-999.9,-999.9,https://climexp.knmi.nl/getdutchrr.cgi?id=someone@somewhere&WMO=772,https://climexp.knmi.nl/data/rrrr772.dat,rrrr772.data
371,Zeewolde,52.38,5.35,https://climexp.knmi.nl/getdutchrr.cgi?id=someone@somewhere&WMO=371,https://climexp.knmi.nl/data/rrrr371.dat,rrrr371.data
372,Zeewolde (Schillinkweg),52.3,5.42,https://climexp.knmi.nl/getdutchrr.cgi?id=someone@somewhere&WMO=372,https://climexp.knmi.nl/data/rrrr372.dat,rrrr372.data
470,Zegveld,52.13,4.83,https://climexp.knmi.nl/getdutchrr.cgi?id=someone@somewhere&WMO=470,https://climexp.knmi.nl/data/rrrr470.dat,rrrr470.data
149,ZEIJEN,-999.9,-999.9,https://climexp.knmi.nl/getdutchrr.cgi?id=someone@somewhere&WMO=149,https://climexp.knmi.nl/data/rrrr149.dat,rrrr149.data
589,Zetten,51.93,5.7,https://climexp.knmi.nl/getdutchrr.cgi?id=someone@somewhere&WMO=589,https://climexp.knmi.nl/data/rrrr589.dat,rrrr589.data
131,ZEVENHUIZEN-GR,-999.9,-999.9,https://climexp.knmi.nl/getdutchrr.cgi?id=someone@somewhere&WMO=131,https://climexp.knmi.nl/data/rrrr131.dat,rrrr131.data
710,ZIERIKZEE,-999.9,-999.9,https://climexp.knmi.nl/getdutchrr.cgi?id=someone@somewhere&WMO=710,https://climexp.knmi.nl/data/rrrr710.dat,rrrr710.data
426,Zoetermeer,52.07,4.52,https://climexp.knmi.nl/getdutchrr.cgi?id=someone@somewhere&WMO=426,https://climexp.knmi.nl/data/rrrr426.dat,rrrr426.data
145,Zoutkamp,53.32,6.27,https://climexp.knmi.nl/getdutchrr.cgi?id=someone@somewhere&WMO=145,https://climexp.knmi.nl/data/rrrr145.dat,rrrr145.data
295,ZUIDBARGE,-999.9,-999.9,https://climexp.knmi.nl/getdutchrr.cgi?id=someone@somewhere&WMO=295,https://climexp.knmi.nl/data/rrrr295.dat,rrrr295.data
128,ZUIDBROEK,-999.9,-999.9,https://climexp.knmi.nl/getdutchrr.cgi?id=someone@somewhere&WMO=128,https://climexp.knmi.nl/data/rrrr128.dat,rrrr128.data
206,ZUID-SCHARWOUDE,-999.9,-999.9,https://climexp.knmi.nl/getdutchrr.cgi?id=someone@somewhere&WMO=206,https://climexp.knmi.nl/data/rrrr206.dat,rrrr206.data
715,ZUIDZANDE,-999.9,-999.9,https://climexp.knmi.nl/getdutchrr.cgi?id=someone@somewhere&WMO=715,https://climexp.knmi.nl/data/rrrr715.dat,rrrr715.data
829,Zundert,51.47,4.67,https://climexp.knmi.nl/getdutchrr.cgi?id=someone@somewhere&WMO=829,https://climexp.knmi.nl/data/rrrr829.dat,rrrr829.data
654,ZUTPHEN,-999.9,-999.9,https://climexp.knmi.nl/getdutchrr.cgi?id=someone@somewhere&WMO=654,https://climexp.knmi.nl/data/rrrr654.dat,rrrr654.data
341,Zweelo,52.78,6.72,https://climexp.knmi.nl/getdutchrr.cgi?id=someone@somewhere&WMO=341,https://climexp.knmi.nl/data/rrrr341.dat,rrrr341.data
330,Zwolle,52.52,6.13,https://climexp.knmi.nl/getdutchrr.cgi?id=someone@somewhere&WMO=330,https://climexp.knmi.nl/data/rrrr330.dat,rrrr330.data
433,Amsterdam Filiaal,-999.9,-999.9,https://climexp.knmi.nl/getdutchrr.cgi?id=someone@somewhere&WMO=433,https://climexp.knmi.nl/data/rrrr433.dat,rrrr433.data
